id,path,predict,chosen_model,conf_m1,conf_m2,conf_m3
nang-giai_1618731750770,audio_data/private_test/nang-giai_1618731750770.wav,năng dài,model1_wav2vec2_vi,-0.0135,-2.9955,
nang-giai_1618731781800,audio_data/private_test/nang-giai_1618731781800.wav,năng dãi,model1_wav2vec2_vi,-0.0238,-3.017,
nang-giai_1618732605210,audio_data/private_test/nang-giai_1618732605210.wav,năng gải,model1_wav2vec2_vi,-0.0368,-3.0462,
nang-giai_1618732684413,audio_data/private_test/nang-giai_1618732684413.wav,năng giái,model1_wav2vec2_vi,-0.0273,-3.0128,
nang-giai_1618732695387,audio_data/private_test/nang-giai_1618732695387.wav,năng gải,model1_wav2vec2_vi,-0.0304,-2.9892,
nang-giai_1618732709490,audio_data/private_test/nang-giai_1618732709490.wav,năng dai,model1_wav2vec2_vi,-0.0253,-3.0039,
nhan-loai_1618732856294,audio_data/private_test/nhan-loai_1618732856294.wav,nhân loài,model1_wav2vec2_vi,-0.0156,-2.9995,
nhan-loai_1618732872207,audio_data/private_test/nhan-loai_1618732872207.wav,nhân noãi,model1_wav2vec2_vi,-0.0329,-3.0055,
nhan-loai_1618732882238,audio_data/private_test/nhan-loai_1618732882238.wav,nhân lại,model1_wav2vec2_vi,-0.0078,-3.0071,
nhan-loai_1618732889501,audio_data/private_test/nhan-loai_1618732889501.wav,nhânh loãi,model1_wav2vec2_vi,-0.029,-2.9856,
nhan-loai_1618732898716,audio_data/private_test/nhan-loai_1618732898716.wav,nhân loại,model1_wav2vec2_vi,-0.0144,-2.988,
nhan-loai_1618732907026,audio_data/private_test/nhan-loai_1618732907026.wav,nhìn loài,model1_wav2vec2_vi,-0.0175,-2.9854,
noi-trai_1618732921176,audio_data/private_test/noi-trai_1618732921176.wav,nơi trài,model1_wav2vec2_vi,-0.0147,-2.9851,
noi-trai_1618732962207,audio_data/private_test/noi-trai_1618732962207.wav,nơi trãi,model1_wav2vec2_vi,-0.0268,-2.9879,
noi-trai_1618733000841,audio_data/private_test/noi-trai_1618733000841.wav,nơi trải,model1_wav2vec2_vi,-0.0153,-3.0165,
noi-trai_1618733013767,audio_data/private_test/noi-trai_1618733013767.wav,nơi trái,model1_wav2vec2_vi,-0.0037,-3.0017,
noi-trai_1618733039043,audio_data/private_test/noi-trai_1618733039043.wav,nời trại,model1_wav2vec2_vi,-0.0393,-2.9847,
noi-trai_1618738065718,audio_data/private_test/noi-trai_1618738065718.wav,nơi trai,model1_wav2vec2_vi,-0.0116,-3.0121,
diem-dai_1618733094458,audio_data/private_test/diem-dai_1618733094458.wav,điểm đại,model1_wav2vec2_vi,-0.018,-3.0093,
nao-biet_1618733487266,audio_data/private_test/nao-biet_1618733487266.wav,nào biết,model1_wav2vec2_vi,-0.0085,-2.9698,
nao-biet_1618733496826,audio_data/private_test/nao-biet_1618733496826.wav,não biết,model1_wav2vec2_vi,-0.0138,-2.961,
nao-biet_1618733506225,audio_data/private_test/nao-biet_1618733506225.wav,nào biết,model1_wav2vec2_vi,-0.0179,-2.9665,
nao-biet_1618733512310,audio_data/private_test/nao-biet_1618733512310.wav,nào biết,model1_wav2vec2_vi,-0.0164,-2.9698,
nao-biet_1618733519224,audio_data/private_test/nao-biet_1618733519224.wav,nào biết,model1_wav2vec2_vi,-0.0111,-2.9915,
nao-biet_1618733525403,audio_data/private_test/nao-biet_1618733525403.wav,nào biết,model1_wav2vec2_vi,-0.0016,-2.9829,
goc-dao_1618733532757,audio_data/private_test/goc-dao_1618733532757.wav,gốc nào,model1_wav2vec2_vi,-0.0122,-2.9795,
goc-dao_1618733539306,audio_data/private_test/goc-dao_1618733539306.wav,gộc đão,model1_wav2vec2_vi,-0.0177,-2.9717,
goc-dao_1618733545392,audio_data/private_test/goc-dao_1618733545392.wav,gốc đảo,model1_wav2vec2_vi,-0.0086,-2.9884,
goc-dao_1618733550889,audio_data/private_test/goc-dao_1618733550889.wav,gốc đáo,model1_wav2vec2_vi,-0.0023,-2.9746,
goc-dao_1618733558238,audio_data/private_test/goc-dao_1618733558238.wav,ngốc đạo,model1_wav2vec2_vi,-0.0094,-2.994,
goc-dao_1618733566404,audio_data/private_test/goc-dao_1618733566404.wav,gúc đau,model1_wav2vec2_vi,-0.023,-2.9911,
xau-bao_1618733574612,audio_data/private_test/xau-bao_1618733574612.wav,xấu bà,model1_wav2vec2_vi,-0.0136,-2.998,
xau-bao_1618733581155,audio_data/private_test/xau-bao_1618733581155.wav,số bão,model1_wav2vec2_vi,-0.0141,-2.9916,
xau-bao_1618733650471,audio_data/private_test/xau-bao_1618733650471.wav,số báo,model1_wav2vec2_vi,-0.0054,-2.9656,
xau-bao_1618733657004,audio_data/private_test/xau-bao_1618733657004.wav,xấu bạo,model1_wav2vec2_vi,-0.0099,-2.9965,
xau-bao_1618733663590,audio_data/private_test/xau-bao_1618733663590.wav,sấu bao,model1_wav2vec2_vi,-0.0209,-2.9741,
chau-duong_1618736869409,audio_data/private_test/chau-duong_1618736869409.wav,chàu dương,model1_wav2vec2_vi,-0.045,-2.977,
chau-duong_1618736881005,audio_data/private_test/chau-duong_1618736881005.wav,cháu gương,model1_wav2vec2_vi,-0.0327,-2.9929,
chau-duong_1618736887537,audio_data/private_test/chau-duong_1618736887537.wav,cháu dương,model1_wav2vec2_vi,-0.0283,-2.9752,
chau-duong_1618736893598,audio_data/private_test/chau-duong_1618736893598.wav,cháu dương,model1_wav2vec2_vi,-0.0098,-2.9604,
chau-duong_1618736899520,audio_data/private_test/chau-duong_1618736899520.wav,chạu dương,model1_wav2vec2_vi,-0.0222,-2.999,
chau-duong_1618736907029,audio_data/private_test/chau-duong_1618736907029.wav,trau dương,model1_wav2vec2_vi,-0.0237,-2.9843,
nay-ngung_1618736920617,audio_data/private_test/nay-ngung_1618736920617.wav,này ngưng,model1_wav2vec2_vi,-0.0188,-2.975,
nay-ngung_1618736927877,audio_data/private_test/nay-ngung_1618736927877.wav,nãy ngưng,model1_wav2vec2_vi,-0.0433,-2.9781,
nay-ngung_1618736936150,audio_data/private_test/nay-ngung_1618736936150.wav,này ngưng,model1_wav2vec2_vi,-0.0265,-2.9881,
nay-ngung_1618736942843,audio_data/private_test/nay-ngung_1618736942843.wav,nãy ngưng,model1_wav2vec2_vi,-0.0318,-2.9668,
nay-ngung_1618736949818,audio_data/private_test/nay-ngung_1618736949818.wav,nạy ngưng,model1_wav2vec2_vi,-0.0289,-2.991,
nay-ngung_1618737005545,audio_data/private_test/nay-ngung_1618737005545.wav,này ngừng,model1_wav2vec2_vi,-0.0248,-2.9867,
nhan-may_1618737175146,audio_data/private_test/nhan-may_1618737175146.wav,nhân mày,model1_wav2vec2_vi,-0.0085,-3.0153,
nhan-may_1618737184337,audio_data/private_test/nhan-may_1618737184337.wav,nhân mãy,model1_wav2vec2_vi,-0.0073,-2.9877,
nhan-may_1618737191100,audio_data/private_test/nhan-may_1618737191100.wav,nhân máy,model1_wav2vec2_vi,-0.0225,-3.0084,
nhan-may_1618737211964,audio_data/private_test/nhan-may_1618737211964.wav,nhanh mãy,model1_wav2vec2_vi,-0.0196,-3.0173,
nhan-may_1618737218408,audio_data/private_test/nhan-may_1618737218408.wav,nhân mạnh,model1_wav2vec2_vi,-0.0104,-2.9885,
nhan-may_1618737224786,audio_data/private_test/nhan-may_1618737224786.wav,nhân may,model1_wav2vec2_vi,-0.0238,-3.0011,
chau-ngheo_1618737561855,audio_data/private_test/chau-ngheo_1618737561855.wav,cháu nghèo,model1_wav2vec2_vi,-0.0059,-3.0165,
chau-ngheo_1618737570660,audio_data/private_test/chau-ngheo_1618737570660.wav,cháu n nhão,model1_wav2vec2_vi,-0.0626,-2.993,
chau-ngheo_1618737577158,audio_data/private_test/chau-ngheo_1618737577158.wav,cháu nhẻo,model1_wav2vec2_vi,-0.0176,-2.9844,
chau-ngheo_1618737582825,audio_data/private_test/chau-ngheo_1618737582825.wav,cháu nghéo,model1_wav2vec2_vi,-0.0166,-2.9767,
chau-ngheo_1618737588768,audio_data/private_test/chau-ngheo_1618737588768.wav,cháu nghẹo,model1_wav2vec2_vi,-0.0111,-2.9934,
chau-ngheo_1618737594802,audio_data/private_test/chau-ngheo_1618737594802.wav,cháu ngheo,model1_wav2vec2_vi,-0.0482,-2.994,
nhi-ho_1618737765954,audio_data/private_test/nhi-ho_1618737765954.wav,nhì hô,model1_wav2vec2_vi,-0.0291,-2.9855,
nhi-ho_1618737771357,audio_data/private_test/nhi-ho_1618737771357.wav,nhĩ hô,model1_wav2vec2_vi,-0.0315,-2.9588,
nhi-ho_1618737777683,audio_data/private_test/nhi-ho_1618737777683.wav,nhì hô,model1_wav2vec2_vi,-0.0153,-2.9763,
nhi-ho_1618737783395,audio_data/private_test/nhi-ho_1618737783395.wav,nhỉ hôn,model1_wav2vec2_vi,-0.048,-2.9789,
nhi-ho_1618737789467,audio_data/private_test/nhi-ho_1618737789467.wav,nghị hô,model1_wav2vec2_vi,-0.0528,-2.9852,
nhi-ho_1618737795352,audio_data/private_test/nhi-ho_1618737795352.wav,nhi hô,model1_wav2vec2_vi,-0.0295,-3.0031,
mang-thit_1618737913548,audio_data/private_test/mang-thit_1618737913548.wav,mang thít,model1_wav2vec2_vi,-0.0167,-2.964,
mang-thit_1618737919433,audio_data/private_test/mang-thit_1618737919433.wav,mang thịt,model1_wav2vec2_vi,-0.0248,-2.9386,
men-bia_1618737968431,audio_data/private_test/men-bia_1618737968431.wav,men bìa,model1_wav2vec2_vi,-0.0119,-3.0138,
men-bia_1618737974177,audio_data/private_test/men-bia_1618737974177.wav,men bĩa,model1_wav2vec2_vi,-0.024,-3.0269,
men-bia_1618737980760,audio_data/private_test/men-bia_1618737980760.wav,nen địa,model1_wav2vec2_vi,-0.0338,-3.0123,
men-bia_1618737987010,audio_data/private_test/men-bia_1618737987010.wav,nen bía,model1_wav2vec2_vi,-0.0214,-3.0304,
men-bia_1618737995794,audio_data/private_test/men-bia_1618737995794.wav,men bia,model1_wav2vec2_vi,-0.029,-3.0356,
men-bia_1618738001831,audio_data/private_test/men-bia_1618738001831.wav,men bia,model1_wav2vec2_vi,-0.0264,-3.0299,
diem-dai_1618733066337,audio_data/private_test/diem-dai_1618733066337.wav,điểm đài,model1_wav2vec2_vi,-0.0056,-3.0092,
diem-dai_1618733076104,audio_data/private_test/diem-dai_1618733076104.wav,điểm đại,model1_wav2vec2_vi,-0.0219,-2.9998,
diem-dai_1618733209021,audio_data/private_test/diem-dai_1618733209021.wav,điểm đái,model1_wav2vec2_vi,-0.0116,-3.0111,
diem-dai_1618733217656,audio_data/private_test/diem-dai_1618733217656.wav,điểm đại,model1_wav2vec2_vi,-0.0071,-2.9962,
diem-dai_1618733225902,audio_data/private_test/diem-dai_1618733225902.wav,điểm đai,model1_wav2vec2_vi,-0.005,-2.9805,
khien-khai_1618733238879,audio_data/private_test/khien-khai_1618733238879.wav,khiển khai,model1_wav2vec2_vi,-0.0332,-3.0214,
khien-khai_1618733264791,audio_data/private_test/khien-khai_1618733264791.wav,khiển sãi,model1_wav2vec2_vi,-0.0186,-3.0132,
khien-khai_1618733273507,audio_data/private_test/khien-khai_1618733273507.wav,hiền khải,model1_wav2vec2_vi,-0.0213,-3.0112,
khien-khai_1618733280362,audio_data/private_test/khien-khai_1618733280362.wav,khiển khái,model1_wav2vec2_vi,-0.0124,-2.9924,
khien-khai_1618733286843,audio_data/private_test/khien-khai_1618733286843.wav,khiển sại,model1_wav2vec2_vi,-0.027,-2.9775,
khien-khai_1618733294258,audio_data/private_test/khien-khai_1618733294258.wav,khriển khai,model1_wav2vec2_vi,-0.0225,-3.0146,
cai-bi_1618733303874,audio_data/private_test/cai-bi_1618733303874.wav,tải bị,model1_wav2vec2_vi,-0.0235,-2.9564,
cai-bi_1618733310234,audio_data/private_test/cai-bi_1618733310234.wav,cái bị,model1_wav2vec2_vi,-0.0038,-2.9793,
cai-bi_1618733318277,audio_data/private_test/cai-bi_1618733318277.wav,trải bị,model1_wav2vec2_vi,-0.0311,-2.9723,
cai-bi_1618733326926,audio_data/private_test/cai-bi_1618733326926.wav,cái bị,model1_wav2vec2_vi,-0.0056,-2.9782,
cai-bi_1618733333877,audio_data/private_test/cai-bi_1618733333877.wav,cại bị,model1_wav2vec2_vi,-0.0202,-2.9868,
cai-bi_1618733341832,audio_data/private_test/cai-bi_1618733341832.wav,cai bị,model1_wav2vec2_vi,-0.0076,-2.9849,
thay-giao_1618733349826,audio_data/private_test/thay-giao_1618733349826.wav,thầy giào,model1_wav2vec2_vi,-0.014,-2.9648,
thay-giao_1618733357709,audio_data/private_test/thay-giao_1618733357709.wav,thầy giáo,model1_wav2vec2_vi,-0.0128,-2.9814,
thay-giao_1618733364760,audio_data/private_test/thay-giao_1618733364760.wav,thầy giáo,model1_wav2vec2_vi,-0.0121,-2.9893,
thay-giao_1618733375807,audio_data/private_test/thay-giao_1618733375807.wav,thầy giáo,model1_wav2vec2_vi,-0.0074,-2.9552,
thay-giao_1618733425139,audio_data/private_test/thay-giao_1618733425139.wav,thầy dạo,model1_wav2vec2_vi,-0.0107,-2.9763,
thay-giao_1618733431847,audio_data/private_test/thay-giao_1618733431847.wav,thầy da,model1_wav2vec2_vi,-0.0274,-2.9819,
phep-khao_1618733439748,audio_data/private_test/phep-khao_1618733439748.wav,phép khao,model1_wav2vec2_vi,-0.0239,-2.993,
phep-khao_1618733452744,audio_data/private_test/phep-khao_1618733452744.wav,sép khảo,model1_wav2vec2_vi,-0.0179,-2.9762,
phep-khao_1618733459097,audio_data/private_test/phep-khao_1618733459097.wav,phép khảo,model1_wav2vec2_vi,-0.022,-2.9783,
phep-khao_1618733465636,audio_data/private_test/phep-khao_1618733465636.wav,phép kháo,model1_wav2vec2_vi,-0.0096,-2.9891,
phep-khao_1618733472164,audio_data/private_test/phep-khao_1618733472164.wav,phép khảo,model1_wav2vec2_vi,-0.0112,-2.9641,
phep-khao_1618733479516,audio_data/private_test/phep-khao_1618733479516.wav,phép khao,model1_wav2vec2_vi,-0.0169,-3.0055,
xau-bao_1618733642287,audio_data/private_test/xau-bao_1618733642287.wav,xấu bảo,model1_wav2vec2_vi,-0.0101,-2.9936,
tau-dien_1618736691074,audio_data/private_test/tau-dien_1618736691074.wav,tàu diễn,model1_wav2vec2_vi,-0.0063,-3.0012,
tau-dien_1618736705698,audio_data/private_test/tau-dien_1618736705698.wav,táo diễn,model1_wav2vec2_vi,-0.0351,-2.9789,
tau-dien_1618736715606,audio_data/private_test/tau-dien_1618736715606.wav,táo diễn,model1_wav2vec2_vi,-0.0329,-3.0048,
tau-dien_1618736727947,audio_data/private_test/tau-dien_1618736727947.wav,tậu diên,model1_wav2vec2_vi,-0.0299,-2.9899,
tau-dien_1618736734221,audio_data/private_test/tau-dien_1618736734221.wav,tạu diễn,model1_wav2vec2_vi,-0.0265,-2.9822,
tau-dien_1618736740309,audio_data/private_test/tau-dien_1618736740309.wav,tau diễn,model1_wav2vec2_vi,-0.0123,-2.9953,
tren-tau_1618736748014,audio_data/private_test/tren-tau_1618736748014.wav,trên tàu,model1_wav2vec2_vi,-0.0017,-3.0026,
tren-tau_1618736756822,audio_data/private_test/tren-tau_1618736756822.wav,trên táu,model1_wav2vec2_vi,-0.031,-2.9462,
tren-tau_1618736780341,audio_data/private_test/tren-tau_1618736780341.wav,trên tàu,model1_wav2vec2_vi,-0.0131,-2.9852,
tren-tau_1618736790124,audio_data/private_test/tren-tau_1618736790124.wav,trên táu,model1_wav2vec2_vi,-0.0138,-2.9955,
tren-tau_1618736799013,audio_data/private_test/tren-tau_1618736799013.wav,trên tạu,model1_wav2vec2_vi,-0.0334,-2.9472,
tren-tau_1618736805231,audio_data/private_test/tren-tau_1618736805231.wav,trên tau,model1_wav2vec2_vi,-0.0023,-2.9787,
thuan-chay_1618737018318,audio_data/private_test/thuan-chay_1618737018318.wav,thuận chảy,model1_wav2vec2_vi,-0.0242,-3.0082,
thuan-chay_1618737025531,audio_data/private_test/thuan-chay_1618737025531.wav,thuận chãy,model1_wav2vec2_vi,-0.0283,-2.9766,
thuan-chay_1618737032579,audio_data/private_test/thuan-chay_1618737032579.wav,thuận chảy,model1_wav2vec2_vi,-0.0206,-3.0122,
thuan-chay_1618737040515,audio_data/private_test/thuan-chay_1618737040515.wav,thuận cháy,model1_wav2vec2_vi,-0.0115,-2.9886,
thuan-chay_1618737046675,audio_data/private_test/thuan-chay_1618737046675.wav,thuận chạy,model1_wav2vec2_vi,-0.0247,-3.016,
thuan-chay_1618737052694,audio_data/private_test/thuan-chay_1618737052694.wav,thuận chay,model1_wav2vec2_vi,-0.0189,-3.0104,
san-khe_1618737233663,audio_data/private_test/san-khe_1618737233663.wav,sạn khe,model1_wav2vec2_vi,-0.0136,-2.9946,
san-khe_1618737240952,audio_data/private_test/san-khe_1618737240952.wav,trạn khẽ,model1_wav2vec2_vi,-0.0172,-2.9727,
san-khe_1618737247893,audio_data/private_test/san-khe_1618737247893.wav,sạn khẻe,model1_wav2vec2_vi,-0.0151,-2.9746,
san-khe_1618737255349,audio_data/private_test/san-khe_1618737255349.wav,sạn khé,model1_wav2vec2_vi,-0.0167,-2.9637,
san-khe_1618737262309,audio_data/private_test/san-khe_1618737262309.wav,sản khẻ,model1_wav2vec2_vi,-0.0227,-2.9689,
san-khe_1618737268682,audio_data/private_test/san-khe_1618737268682.wav,trạn khe,model1_wav2vec2_vi,-0.0259,-2.9937,
sen-ke_1618737285051,audio_data/private_test/sen-ke_1618737285051.wav,tan kể,model1_wav2vec2_vi,-0.0547,-2.9974,
sen-ke_1618737291324,audio_data/private_test/sen-ke_1618737291324.wav,san kể,model1_wav2vec2_vi,-0.0245,-2.9711,
sen-ke_1618737298450,audio_data/private_test/sen-ke_1618737298450.wav,chèn kể,model1_wav2vec2_vi,-0.0314,-2.9647,
sen-ke_1618737305133,audio_data/private_test/sen-ke_1618737305133.wav,chán kể,model1_wav2vec2_vi,-0.0204,-2.9977,
sen-ke_1618737311945,audio_data/private_test/sen-ke_1618737311945.wav,thẹn kể,model1_wav2vec2_vi,-0.0387,-2.9642,
sen-ke_1618737317884,audio_data/private_test/sen-ke_1618737317884.wav,cen kể,model1_wav2vec2_vi,-0.0434,-2.9909,
chen-suot_1618737329900,audio_data/private_test/chen-suot_1618737329900.wav,trèn suốt,model1_wav2vec2_vi,-0.0304,-3.0104,
chen-suot_1618737336530,audio_data/private_test/chen-suot_1618737336530.wav,tháng suốt,model1_wav2vec2_vi,-0.0583,-2.9976,
chen-suot_1618737342495,audio_data/private_test/chen-suot_1618737342495.wav,trản suất,model1_wav2vec2_vi,-0.0435,-2.9943,
chen-suot_1618737348799,audio_data/private_test/chen-suot_1618737348799.wav,chén suướt,model1_wav2vec2_vi,-0.0515,-2.9666,
chen-suot_1618737368800,audio_data/private_test/chen-suot_1618737368800.wav,trạn suốt,model1_wav2vec2_vi,-0.0639,-2.9659,
chen-suot_1618737376065,audio_data/private_test/chen-suot_1618737376065.wav,chen suốt,model1_wav2vec2_vi,-0.0364,-2.9892,
tre-tam_1618737385256,audio_data/private_test/tre-tam_1618737385256.wav,trẻ tạn,model1_wav2vec2_vi,-0.0313,-2.9816,
tre-tam_1618737390957,audio_data/private_test/tre-tam_1618737390957.wav,chẻ em tạ,model1_wav2vec2_vi,-0.0683,-2.9943,
tre-tam_1618737397484,audio_data/private_test/tre-tam_1618737397484.wav,trẻ tạn,model1_wav2vec2_vi,-0.0224,-2.9882,
tre-tam_1618737422344,audio_data/private_test/tre-tam_1618737422344.wav,tré tạn,model1_wav2vec2_vi,-0.0358,-2.9873,
tre-tam_1618737439444,audio_data/private_test/tre-tam_1618737439444.wav,trẻ tạn,model1_wav2vec2_vi,-0.0315,-2.9748,
tre-tam_1618737449484,audio_data/private_test/tre-tam_1618737449484.wav,trè tạ,model1_wav2vec2_vi,-0.0407,-2.9653,
ke-thuoc_1618737460511,audio_data/private_test/ke-thuoc_1618737460511.wav,kè thuộc,model1_wav2vec2_vi,-0.0081,-2.9739,
ke-thuoc_1618737466677,audio_data/private_test/ke-thuoc_1618737466677.wav,kẽ thuộc,model1_wav2vec2_vi,-0.0154,-2.9611,
ke-thuoc_1618737475487,audio_data/private_test/ke-thuoc_1618737475487.wav,kẻ thuộc,model1_wav2vec2_vi,-0.0054,-2.9651,
ke-thuoc_1618737482256,audio_data/private_test/ke-thuoc_1618737482256.wav,ké thuộc,model1_wav2vec2_vi,-0.0261,-2.9398,
ke-thuoc_1618737488021,audio_data/private_test/ke-thuoc_1618737488021.wav,kẹ thuộc,model1_wav2vec2_vi,-0.0127,-2.9638,
ke-thuoc_1618737493923,audio_data/private_test/ke-thuoc_1618737493923.wav,ke thuộc,model1_wav2vec2_vi,-0.0202,-2.9763,
gai-treo_1618737512943,audio_data/private_test/gai-treo_1618737512943.wav,gái thèo,model1_wav2vec2_vi,-0.0285,-2.9869,
gai-treo_1618737521919,audio_data/private_test/gai-treo_1618737521919.wav,gái trẽo,model1_wav2vec2_vi,-0.0161,-2.9685,
gai-treo_1618737527566,audio_data/private_test/gai-treo_1618737527566.wav,gái trẻ,model1_wav2vec2_vi,-0.0164,-2.9893,
gai-treo_1618737542096,audio_data/private_test/gai-treo_1618737542096.wav,gái chéo,model1_wav2vec2_vi,-0.0156,-2.9746,
gai-treo_1618737547747,audio_data/private_test/gai-treo_1618737547747.wav,gái trẹ,model1_wav2vec2_vi,-0.0291,-2.9833,
gai-treo_1618737554641,audio_data/private_test/gai-treo_1618737554641.wav,gái treo,model1_wav2vec2_vi,-0.056,-2.9858,
thuan-theo_1618737639704,audio_data/private_test/thuan-theo_1618737639704.wav,thuận thẻo,model1_wav2vec2_vi,-0.0182,-2.9643,
thuan-theo_1618737650373,audio_data/private_test/thuan-theo_1618737650373.wav,thuận thẻo,model1_wav2vec2_vi,-0.02,-2.9897,
thuan-theo_1618737656618,audio_data/private_test/thuan-theo_1618737656618.wav,thuận thẻo,model1_wav2vec2_vi,-0.0243,-2.9729,
thuan-theo_1618737662662,audio_data/private_test/thuan-theo_1618737662662.wav,thuận théo,model1_wav2vec2_vi,-0.0144,-2.9679,
thuan-theo_1618737671655,audio_data/private_test/thuan-theo_1618737671655.wav,thuận thẹo,model1_wav2vec2_vi,-0.0095,-2.9568,
thuan-theo_1618737677367,audio_data/private_test/thuan-theo_1618737677367.wav,thuận theo,model1_wav2vec2_vi,-0.0198,-2.9812,
theo-truong_1618737722535,audio_data/private_test/theo-truong_1618737722535.wav,theo trưởng,model1_wav2vec2_vi,-0.0384,-2.9828,
theo-truong_1618737729499,audio_data/private_test/theo-truong_1618737729499.wav,théo trưởng,model1_wav2vec2_vi,-0.0283,-2.9459,
theo-truong_1618737736453,audio_data/private_test/theo-truong_1618737736453.wav,thẻo trửa,model1_wav2vec2_vi,-0.0672,-2.939,
theo-truong_1618737743543,audio_data/private_test/theo-truong_1618737743543.wav,théo trưởng,model1_wav2vec2_vi,-0.0248,-2.9588,
theo-truong_1618737750322,audio_data/private_test/theo-truong_1618737750322.wav,theo trưởng,model1_wav2vec2_vi,-0.0288,-2.9592,
theo-truong_1618737757787,audio_data/private_test/theo-truong_1618737757787.wav,theo trưởng,model1_wav2vec2_vi,-0.0154,-2.9666,
tin-an_1618737860487,audio_data/private_test/tin-an_1618737860487.wav,tìn ẩn,model1_wav2vec2_vi,-0.0674,-3.0045,
tin-an_1618737869638,audio_data/private_test/tin-an_1618737869638.wav,tiến ạnh,model1_wav2vec2_vi,-0.0429,-3.0,
tin-an_1618737875796,audio_data/private_test/tin-an_1618737875796.wav,tìn hần,model1_wav2vec2_vi,-0.0662,-3.017,
tin-an_1618737881870,audio_data/private_test/tin-an_1618737881870.wav,tín ẩn,model1_wav2vec2_vi,-0.0361,-3.0293,
tin-an_1618737888591,audio_data/private_test/tin-an_1618737888591.wav,tiìn hành,model1_wav2vec2_vi,-0.0469,-2.9629,
tin-an_1618737894682,audio_data/private_test/tin-an_1618737894682.wav,tin ẩn,model1_wav2vec2_vi,-0.0188,-2.9794,
chia-dao_1618737930048,audio_data/private_test/chia-dao_1618737930048.wav,chì gao,model1_wav2vec2_vi,-0.0464,-2.9854,
chia-dao_1618737936162,audio_data/private_test/chia-dao_1618737936162.wav,chĩa dao,model1_wav2vec2_vi,-0.0211,-3.0213,
chia-dao_1618737941913,audio_data/private_test/chia-dao_1618737941913.wav,chỉ ra,model1_wav2vec2_vi,-0.0495,-2.9803,
chia-dao_1618737948018,audio_data/private_test/chia-dao_1618737948018.wav,chị dao,model1_wav2vec2_vi,-0.0585,-3.0107,
chia-dao_1618737954168,audio_data/private_test/chia-dao_1618737954168.wav,chịa rao,model1_wav2vec2_vi,-0.0502,-3.0118,
chia-dao_1618737961059,audio_data/private_test/chia-dao_1618737961059.wav,chia ra,model1_wav2vec2_vi,-0.0277,-3.0164,
bia-dat_1618738009641,audio_data/private_test/bia-dat_1618738009641.wav,bìa đặt,model1_wav2vec2_vi,-0.0326,-2.9802,
bia-dat_1618738024704,audio_data/private_test/bia-dat_1618738024704.wav,bĩa đặt,model1_wav2vec2_vi,-0.0259,-2.9908,
bia-dat_1618738031306,audio_data/private_test/bia-dat_1618738031306.wav,đỉa đặt,model1_wav2vec2_vi,-0.0343,-2.9707,
bia-dat_1618738038209,audio_data/private_test/bia-dat_1618738038209.wav,bỉa đặt,model1_wav2vec2_vi,-0.0339,-2.9685,
lieu-ma_1618731458378,audio_data/private_test/lieu-ma_1618731458378.wav,diô mà,model1_wav2vec2_vi,-0.0344,-3.0147,
lieu-ma_1618731476280,audio_data/private_test/lieu-ma_1618731476280.wav,liêu mã,model1_wav2vec2_vi,-0.0093,-2.9798,
lieu-ma_1618731504764,audio_data/private_test/lieu-ma_1618731504764.wav,vêu mạ,model1_wav2vec2_vi,-0.0447,-2.9719,
lieu-ma_1618731518740,audio_data/private_test/lieu-ma_1618731518740.wav,liêu má,model1_wav2vec2_vi,-0.0187,-2.9976,
lieu-ma_1618731531318,audio_data/private_test/lieu-ma_1618731531318.wav,liêu mạn,model1_wav2vec2_vi,-0.0254,-3.0108,
lieu-ma_1618731566884,audio_data/private_test/lieu-ma_1618731566884.wav,liô ma,model1_wav2vec2_vi,-0.0375,-2.975,
dat-cang_1618732722025,audio_data/private_test/dat-cang_1618732722025.wav,đất càng,model1_wav2vec2_vi,-0.0223,-2.983,
dat-cang_1618732730587,audio_data/private_test/dat-cang_1618732730587.wav,đất cãng,model1_wav2vec2_vi,-0.0282,-2.9622,
dat-cang_1618732740714,audio_data/private_test/dat-cang_1618732740714.wav,đất cản,model1_wav2vec2_vi,-0.0174,-2.9888,
dat-cang_1618732752123,audio_data/private_test/dat-cang_1618732752123.wav,đất cán,model1_wav2vec2_vi,-0.0143,-2.9843,
dat-cang_1618732759896,audio_data/private_test/dat-cang_1618732759896.wav,đất cạn,model1_wav2vec2_vi,-0.0232,-3.0144,
dat-cang_1618732767219,audio_data/private_test/dat-cang_1618732767219.wav,đích cang,model1_wav2vec2_vi,-0.0295,-2.9984,
loi-lai_1618732779139,audio_data/private_test/loi-lai_1618732779139.wav,lỗi lài,model1_wav2vec2_vi,-0.0073,-2.997,
loi-lai_1618732787549,audio_data/private_test/loi-lai_1618732787549.wav,lỗi lãi,model1_wav2vec2_vi,-0.0138,-2.9873,
loi-lai_1618732801240,audio_data/private_test/loi-lai_1618732801240.wav,nối lại,model1_wav2vec2_vi,-0.0054,-2.9997,
loi-lai_1618732824477,audio_data/private_test/loi-lai_1618732824477.wav,lỗi lái,model1_wav2vec2_vi,-0.011,-3.0124,
loi-lai_1618732832728,audio_data/private_test/loi-lai_1618732832728.wav,lỗi i lại,model1_wav2vec2_vi,-0.0226,-3.0062,
loi-lai_1618732843092,audio_data/private_test/loi-lai_1618732843092.wav,lỗi lai,model1_wav2vec2_vi,-0.0032,-3.0224,
TQA_7_NAM_S0045_276,audio_data/private_test/TQA_7_NAM_S0045_276.wav,câu thơ cho thấy bầy chim cun rất thích bờ che là ờ cherắt nat,model1_wav2vec2_vi,-0.0408,-2.9803,
TQA_7_NAM_S0045_123,audio_data/private_test/TQA_7_NAM_S0045_123.wav,ơi tên cậu ý thích loại chin nào,model1_wav2vec2_vi,-0.1279,-2.9889,
TQA_7_NAM_S0045_182,audio_data/private_test/TQA_7_NAM_S0045_182.wav,hai cậu bé đặt con chim vào một chiếc hộp rất đẹp và trôn cất thật long trọng,model1_wav2vec2_vi,-0.0257,-2.974,
TQA_7_NAM_S0045_109,audio_data/private_test/TQA_7_NAM_S0045_109.wav,tớ hỏi thảo cô này nhé,model1_wav2vec2_vi,-0.0207,-3.0116,
TQA_7_NAM_S0045_130,audio_data/private_test/TQA_7_NAM_S0045_130.wav,xê họ nhà chim rúuríc bay đến đậu ở những bội cây quanh gồ,model1_wav2vec2_vi,-0.0543,-2.9913,
TQA_7_NAM_S0045_110,audio_data/private_test/TQA_7_NAM_S0045_110.wav,cậu hãy tìm những từ ngữ tả vẻ đẹp của mặt hồ iropal,model1_wav2vec2_vi,-0.0305,-2.9923,
DNL_Nu_6_S0007_51,audio_data/private_test/DNL_Nu_6_S0007_51.wav,xuống đâ ên có két đơi,model1_wav2vec2_vi,-0.1175,-2.9488,
TQA_7_NAM_S0045_47,audio_data/private_test/TQA_7_NAM_S0045_47.wav,mừng vui rồi lại đi,model1_wav2vec2_vi,-0.0113,-2.9895,
TQA_7_NAM_S0045_190,audio_data/private_test/TQA_7_NAM_S0045_190.wav,chim tự do bay nhảy trong thế giới rộng lớn,model1_wav2vec2_vi,-0.0242,-2.9647,
TQA_7_NAM_S0045_113,audio_data/private_test/TQA_7_NAM_S0045_113.wav,tớ hỏi cậu,model1_wav2vec2_vi,-0.0246,-2.9573,
TQA_7_NAM_S0045_62,audio_data/private_test/TQA_7_NAM_S0045_62.wav,những câu thơ tả vẻ đẹp của cây cối khi xuân về,model1_wav2vec2_vi,-0.0109,-2.9663,
TQA_7_NAM_S0045_242,audio_data/private_test/TQA_7_NAM_S0045_242.wav,một đàn cò bạch,model1_wav2vec2_vi,-0.0091,-2.9651,
TQA_7_NAM_S0045_137,audio_data/private_test/TQA_7_NAM_S0045_137.wav,xe ven hồ những con chim câu túc hát lên lanh lạnh,model1_wav2vec2_vi,-0.0597,-2.9802,
TQA_7_NAM_S0045_21,audio_data/private_test/TQA_7_NAM_S0045_21.wav,tới mươi thảo cô gái trở lấy bớc tranh thử năm đi,model1_wav2vec2_vi,-0.0848,-2.9633,
TQA_7_NAM_S0045_282,audio_data/private_test/TQA_7_NAM_S0045_282.wav,bồ công bố mẹ thay nhau ấp trứng,model1_wav2vec2_vi,-0.0212,-2.972,
TQA_7_NAM_S0045_247,audio_data/private_test/TQA_7_NAM_S0045_247.wav,có bác bồ nâm,model1_wav2vec2_vi,-0.038,-2.9779,
TQA_7_NAM_S0045_42,audio_data/private_test/TQA_7_NAM_S0045_42.wav,cây cam vàng thêm trái,model1_wav2vec2_vi,-0.0369,-2.9622,
TQA_7_NAM_S0045_61,audio_data/private_test/TQA_7_NAM_S0045_61.wav,tôi sẽ trả lời đây là câu của tớức,model1_wav2vec2_vi,-0.033,-2.9588,
TQA_7_NAM_S0045_81,audio_data/private_test/TQA_7_NAM_S0045_81.wav,rau sung ê ởsâu sung xê ở trên nưng bãi,model1_wav2vec2_vi,-0.0822,-2.9855,
TQA_7_NAM_S0045_156,audio_data/private_test/TQA_7_NAM_S0045_156.wav,chia sẻ sống ở trên cây nên phải bám vào cành cây bằng cả hai chân cho khỏi ngã,model1_wav2vec2_vi,-0.0199,-2.9854,
DNL_Nu_6_S0007_30,audio_data/private_test/DNL_Nu_6_S0007_30.wav,cá và chim,model1_wav2vec2_vi,-0.0301,-2.9886,
DNL_Nu_6_S0007_94,audio_data/private_test/DNL_Nu_6_S0007_94.wav,nế nếu như em thấy chức rằng thì ai mẹẹt bóng và thổi thật hổ bao nhiêu ế,model1_wav2vec2_vi,-0.099,-2.9774,
TQA_7_NAM_S0045_153,audio_data/private_test/TQA_7_NAM_S0045_153.wav,vì vậy khi cần nghỉ nó co một chân lên áp sát bụng hai chân cò thay nhau co lên cho đỡ mỏi,model1_wav2vec2_vi,-0.0218,-2.9934,
TQA_7_NAM_S0045_15,audio_data/private_test/TQA_7_NAM_S0045_15.wav,hình ảnh số một là con chim kén cổ,model1_wav2vec2_vi,-0.0274,-2.9681,
DNL_Nu_6_S0007_32,audio_data/private_test/DNL_Nu_6_S0007_32.wav,này bạn cin ơi,model1_wav2vec2_vi,-0.0482,-2.949,
TQA_7_NAM_S0045_147,audio_data/private_test/TQA_7_NAM_S0045_147.wav,mỏi chim sẻ và mỏ chim bổ câu hình tam gát nhỏ ngắn vào cứmg vì chúng an hạt ngũ cốc,model1_wav2vec2_vi,-0.0394,-2.9846,
TQA_7_NAM_S0045_160,audio_data/private_test/TQA_7_NAM_S0045_160.wav,mỗi vừa đọc một đoạn cậu đọc trước đi hân,model1_wav2vec2_vi,-0.0419,-2.9874,
TQA_7_NAM_S0045_249,audio_data/private_test/TQA_7_NAM_S0045_249.wav,im như tượng đã,model1_wav2vec2_vi,-0.05,-2.9849,
TQA_7_NAM_S0045_212,audio_data/private_test/TQA_7_NAM_S0045_212.wav,vì thế các cậu không nên bắt chim và ngắt hoa mà không để ý tới giá trị của chúng,model1_wav2vec2_vi,-0.0173,-2.978,
TQA_7_NAM_S0045_214,audio_data/private_test/TQA_7_NAM_S0045_214.wav,tới cũng đồng ý với ý kiến của cậu,model1_wav2vec2_vi,-0.0156,-2.97,
TQA_7_NAM_S0045_290,audio_data/private_test/TQA_7_NAM_S0045_290.wav,tướng tướng nguyễn tríc đã dùng bồ câu đua tin góp phần đánh thắng nhiều trận quan trọng,model1_wav2vec2_vi,-0.036,-2.9627,
TQA_7_NAM_S0045_8,audio_data/private_test/TQA_7_NAM_S0045_8.wav,tờ đồ cắc cộu hình ảnh số xấu và chim gì vậy,model1_wav2vec2_vi,-0.0609,-2.9811,
TQA_7_NAM_S0045_24,audio_data/private_test/TQA_7_NAM_S0045_24.wav,à hình ảnh số sáu là con qu,model1_wav2vec2_vi,-0.0448,-2.9834,
TQA_7_NAM_S0045_210,audio_data/private_test/TQA_7_NAM_S0045_210.wav,tôi muốn nói với các cậu ấy,model1_wav2vec2_vi,-0.0194,-2.974,
DNL_Nu_6_S0007_80,audio_data/private_test/DNL_Nu_6_S0007_80.wav,nhưng hực hì đe tót một cái tác tảng ắc ta hẳng,model1_wav2vec2_vi,-0.0759,-2.9409,
TQA_7_NAM_S0045_273,audio_data/private_test/TQA_7_NAM_S0045_273.wav,bầy chim cu gật hồ ca hát,model1_wav2vec2_vi,-0.0265,-2.9668,
TQA_7_NAM_S0045_204,audio_data/private_test/TQA_7_NAM_S0045_204.wav,hành động của các cậu bé gây ra chuyện gì đau lòng,model1_wav2vec2_vi,-0.0164,-2.9673,
TQA_7_NAM_S0045_33,audio_data/private_test/TQA_7_NAM_S0045_33.wav,hânh ơi cậu đọc cho  bọn tứ nghe bài chim én nghé,model1_wav2vec2_vi,-0.0548,-2.9873,
TQA_7_NAM_S0045_237,audio_data/private_test/TQA_7_NAM_S0045_237.wav,khoe ơi cậu đọc cho bọn tớ nghe,model1_wav2vec2_vi,-0.0248,-2.9829,
TQA_7_NAM_S0045_140,audio_data/private_test/TQA_7_NAM_S0045_140.wav,bê trên mặt hồ bầy thên nga tráng mốt đang bơi lội,model1_wav2vec2_vi,-0.0304,-2.9744,
TQA_7_NAM_S0045_23,audio_data/private_test/TQA_7_NAM_S0045_23.wav,khoa ơi đến lật cậu rồi,model1_wav2vec2_vi,-0.0529,-2.9611,
DNL_Nu_6_S0007_43,audio_data/private_test/DNL_Nu_6_S0007_43.wav,tmươi tối suối,model1_wav2vec2_vi,-0.0977,-2.9611,
TQA_7_NAM_S0045_215,audio_data/private_test/TQA_7_NAM_S0045_215.wav,tố cũng muốn nói các bạn không nên bắt chim và ngắp hoa,model1_wav2vec2_vi,-0.0306,-2.9998,
DNL_Nu_6_S0007_35,audio_data/private_test/DNL_Nu_6_S0007_35.wav,tết lậm tết giảm,model1_wav2vec2_vi,-0.1721,-2.9599,
TQA_7_NAM_S0045_82,audio_data/private_test/TQA_7_NAM_S0045_82.wav,han khoe sắp nơi nơi,model1_wav2vec2_vi,-0.0623,-2.9777,
TQA_7_NAM_S0045_240,audio_data/private_test/TQA_7_NAM_S0045_240.wav,bờ che đón khắc,model1_wav2vec2_vi,-0.0304,-3.0255,
TQA_7_NAM_S0045_179,audio_data/private_test/TQA_7_NAM_S0045_179.wav,bông cúc héo lạ đi vì thương phát,model1_wav2vec2_vi,-0.0409,-3.0174,
TQA_7_NAM_S0045_13,audio_data/private_test/TQA_7_NAM_S0045_13.wav,tứ và các cậu cùng kẩy nối tiếp tên của các loài thim trong bức tranh nhé,model1_wav2vec2_vi,-0.0606,-2.9759,
TQA_7_NAM_S0045_18,audio_data/private_test/TQA_7_NAM_S0045_18.wav,à hình ảnh số ba là con chim rẻo quạt,model1_wav2vec2_vi,-0.0489,-2.9688,
TQA_7_NAM_S0045_161,audio_data/private_test/TQA_7_NAM_S0045_161.wav,chim sơn ca và bông cúc trắng,model1_wav2vec2_vi,-0.0167,-2.9904,
TQA_7_NAM_S0045_193,audio_data/private_test/TQA_7_NAM_S0045_193.wav,hân ơi cậu trả lời giúp đớ câu này nhé,model1_wav2vec2_vi,-0.0413,-2.9776,
TQA_7_NAM_S0045_59,audio_data/private_test/TQA_7_NAM_S0045_59.wav,những câu thơ tạ vẻ đẹp của cây cối khim mùa xuân về,model1_wav2vec2_vi,-0.0276,-2.9849,
TQA_7_NAM_S0045_287,audio_data/private_test/TQA_7_NAM_S0045_287.wav,chúng vẫn nhớ đường về,model1_wav2vec2_vi,-0.0196,-2.9569,
DNL_Nu_6_S0007_77,audio_data/private_test/DNL_Nu_6_S0007_77.wav,gở cha chơi bào con ra sân chơi với các bạn,model1_wav2vec2_vi,-0.0302,-2.9734,
TQA_7_NAM_S0045_106,audio_data/private_test/TQA_7_NAM_S0045_106.wav,họa nhà chim đủ các loại đủ các màu sắc,model1_wav2vec2_vi,-0.0245,-2.9874,
TQA_7_NAM_S0045_188,audio_data/private_test/TQA_7_NAM_S0045_188.wav,trước xi bị bỏ vào lồng chim và hoa sống thế nào,model1_wav2vec2_vi,-0.0223,-2.9852,
DNL_Nu_6_S0007_62,audio_data/private_test/DNL_Nu_6_S0007_62.wav,chi bay trên trời,model1_wav2vec2_vi,-0.0441,-2.9879,
TQA_7_NAM_S0045_157,audio_data/private_test/TQA_7_NAM_S0045_157.wav,vì quên dùng đồng thời vê chân,model1_wav2vec2_vi,-0.0392,-2.9675,
DNL_Nu_6_S0007_49,audio_data/private_test/DNL_Nu_6_S0007_49.wav,cá phê ruồi suối thấy trin khốt trên cành,model1_wav2vec2_vi,-0.1012,-2.9626,
TQA_7_NAM_S0045_170,audio_data/private_test/TQA_7_NAM_S0045_170.wav,thảo ơi cậu đọc đoạn tiếp theo đi,model1_wav2vec2_vi,-0.0267,-2.9613,
TQA_7_NAM_S0045_294,audio_data/private_test/TQA_7_NAM_S0045_294.wav,khuê ơi cậu trả lời giúp đỡ những câu hỏi này nhé,model1_wav2vec2_vi,-0.0356,-2.9851,
TQA_7_NAM_S0045_145,audio_data/private_test/TQA_7_NAM_S0045_145.wav,vì sao mỏng của các đoài chim không giống nhau,model1_wav2vec2_vi,-0.0498,-2.9864,
DNL_Nu_6_S0007_47,audio_data/private_test/DNL_Nu_6_S0007_47.wav,thế rồi hai bạn cùng đi chơi,model1_wav2vec2_vi,-0.017,-3.013,
TQA_7_NAM_S0045_223,audio_data/private_test/TQA_7_NAM_S0045_223.wav,thế chin gì biết đưa thư là biểu hiện của hà bính,model1_wav2vec2_vi,-0.0409,-2.9808,
DNL_Nu_6_S0007_58,audio_data/private_test/DNL_Nu_6_S0007_58.wav,chim báo trên trời,model1_wav2vec2_vi,-0.0771,-3.0048,
TQA_7_NAM_S0045_167,audio_data/private_test/TQA_7_NAM_S0045_167.wav,bông cúc đã nghe thấy tiếng sân ca buồn thảm,model1_wav2vec2_vi,-0.0546,-2.9731,
DNL_Nu_6_S0007_16,audio_data/private_test/DNL_Nu_6_S0007_16.wav,nó ăn rồi đởi tạo bong hỏng cùng học chiếc kăng vàn óng,model1_wav2vec2_vi,-0.0602,-2.9503,
DNL_Nu_6_S0007_89,audio_data/private_test/DNL_Nu_6_S0007_89.wav,vài tám con đã thủ loại hết sạch hà nói,model1_wav2vec2_vi,-0.0411,-2.9534,
TQA_7_NAM_S0045_100,audio_data/private_test/TQA_7_NAM_S0045_100.wav,mỗi lần đại bàng vẫ cảnh lại phát ra nhưng tiếng iu rivut,model1_wav2vec2_vi,-0.042,-2.9916,
TQA_7_NAM_S0045_189,audio_data/private_test/TQA_7_NAM_S0045_189.wav,trước khi bị bỏ vào lòng,model1_wav2vec2_vi,-0.0169,-2.9885,
TQA_7_NAM_S0045_131,audio_data/private_test/TQA_7_NAM_S0045_131.wav,ơi câu trả lời đi,model1_wav2vec2_vi,-0.0501,-2.9859,
TQA_7_NAM_S0045_219,audio_data/private_test/TQA_7_NAM_S0045_219.wav,chim bảo hiệu bùa xuân sang là chim én,model1_wav2vec2_vi,-0.0302,-2.9706,
TQA_7_NAM_S0045_198,audio_data/private_test/TQA_7_NAM_S0045_198.wav,điều gì cho thấy các cậu bé rấp vô tính đối với chim,model1_wav2vec2_vi,-0.0202,-2.981,
TQA_7_NAM_S0045_186,audio_data/private_test/TQA_7_NAM_S0045_186.wav,nó thì hôm nay chắc nó vẫn đang tắm nắng mặt trời,model1_wav2vec2_vi,-0.0271,-2.9843,
TQA_7_NAM_S0045_272,audio_data/private_test/TQA_7_NAM_S0045_272.wav,xe núi với bốn chúa bói cá bay xuống rổi lại vụt bay lên đê nú với ba,model1_wav2vec2_vi,-0.0338,-2.9906,
DNL_Nu_6_S0007_25,audio_data/private_test/DNL_Nu_6_S0007_25.wav,tớ thấy bông hồng được học ngắn an ủ cậu à,model1_wav2vec2_vi,-0.0379,-2.9503,
TQA_7_NAM_S0045_16,audio_data/private_test/TQA_7_NAM_S0045_16.wav,thảo ơi tới mười cậu trả lời bức tranh số hai,model1_wav2vec2_vi,-0.0398,-2.9695,
TQA_7_NAM_S0045_150,audio_data/private_test/TQA_7_NAM_S0045_150.wav,vì sao cò thường đứng bằng một chân,model1_wav2vec2_vi,-0.0234,-2.9752,
TQA_7_NAM_S0045_112,audio_data/private_test/TQA_7_NAM_S0045_112.wav,mặt hồ càng thế càng xanh thêm manh mông,model1_wav2vec2_vi,-0.0379,-2.9801,
TQA_7_NAM_S0045_37,audio_data/private_test/TQA_7_NAM_S0045_37.wav,hôm nay về mở hội,model1_wav2vec2_vi,-0.0046,-3.0083,
TQA_7_NAM_S0045_146,audio_data/private_test/TQA_7_NAM_S0045_146.wav,mở của chim liên quan đến thức ăn của chúng,model1_wav2vec2_vi,-0.0103,-2.9657,
TQA_7_NAM_S0045_79,audio_data/private_test/TQA_7_NAM_S0045_79.wav,bộ phận trả lời cho câu ở ở đâu là cận m,model1_wav2vec2_vi,-0.0409,-2.9683,
TQA_7_NAM_S0045_88,audio_data/private_test/TQA_7_NAM_S0045_88.wav,từ chỉ từ ngữ chỉ hoạt động là mở hội lượn bay dẫn lối rủ trào vấy,model1_wav2vec2_vi,-0.0208,-2.9441,
TQA_7_NAM_S0045_194,audio_data/private_test/TQA_7_NAM_S0045_194.wav,vì sao tiếng hoắt của chim trở nên buồn thảm,model1_wav2vec2_vi,-0.0261,-2.9691,
TQA_7_NAM_S0045_271,audio_data/private_test/TQA_7_NAM_S0045_271.wav,bác bồ nông đứng im như thuộng đá,model1_wav2vec2_vi,-0.0379,-2.9813,
TQA_7_NAM_S0045_162,audio_data/private_test/TQA_7_NAM_S0045_162.wav,ben bờ rào giữa đám cổ dạy có bông cúc trắng,model1_wav2vec2_vi,-0.0209,-2.9841,
TQA_7_NAM_S0045_67,audio_data/private_test/TQA_7_NAM_S0045_67.wav,các cậu muốn chim é nói gì khi mùa xuân về,model1_wav2vec2_vi,-0.0235,-2.982,
DNL_Nu_6_S0007_81,audio_data/private_test/DNL_Nu_6_S0007_81.wav,báo con báo con rất,model1_wav2vec2_vi,-0.0193,-2.9311,
TQA_7_NAM_S0045_268,audio_data/private_test/TQA_7_NAM_S0045_268.wav,tháo ơi cậu trả lời đi,model1_wav2vec2_vi,-0.0211,-3.004,
DNL_Nu_6_S0007_60,audio_data/private_test/DNL_Nu_6_S0007_60.wav,cần làm chìn ơi,model1_wav2vec2_vi,-0.1331,-2.9831,
TQA_7_NAM_S0045_1,audio_data/private_test/TQA_7_NAM_S0045_1.wav,cậu ơi chúng mình cùng thi gọi têm những loài chim có tên tron bức tranh này nhé,model1_wav2vec2_vi,-0.0335,-3.0007,
TQA_7_NAM_S0045_232,audio_data/private_test/TQA_7_NAM_S0045_232.wav,các loài chim có rất nhiều lợi ích mang lại cho con người như giúp nông dân bảo vệ mùa màng,model1_wav2vec2_vi,-0.0161,-2.9936,
TQA_7_NAM_S0045_279,audio_data/private_test/TQA_7_NAM_S0045_279.wav,bồ câu được con người đưa về nuôi từ cách tên năm nghìn năm,model1_wav2vec2_vi,-0.0276,-2.9742,
DNL_Nu_6_S0007_97,audio_data/private_test/DNL_Nu_6_S0007_97.wav,hàn sau em lài có vểc  tức sau khi em sẽ thuộc báo mạ,model1_wav2vec2_vi,-0.1214,-2.9881,
DNL_Nu_6_S0007_55,audio_data/private_test/DNL_Nu_6_S0007_55.wav,ôi bạn cá ơi,model1_wav2vec2_vi,-0.0366,-2.9655,
TQA_7_NAM_S0045_93,audio_data/private_test/TQA_7_NAM_S0045_93.wav,những con gió nhẹ là mặt nước hồ idota trao mình rung động,model1_wav2vec2_vi,-0.042,-2.9807,
DNL_Nu_6_S0007_61,audio_data/private_test/DNL_Nu_6_S0007_61.wav,bao gờ suối,model1_wav2vec2_vi,-0.0531,-2.9808,
TQA_7_NAM_S0045_63,audio_data/private_test/TQA_7_NAM_S0045_63.wav,cỏ mặc xanh chân đêm,model1_wav2vec2_vi,-0.0347,-2.9551,
DNL_Nu_6_S0007_74,audio_data/private_test/DNL_Nu_6_S0007_74.wav,thớ có bạn à bạn kể đi,model1_wav2vec2_vi,-0.0338,-3.008,
TQA_7_NAM_S0045_217,audio_data/private_test/TQA_7_NAM_S0045_217.wav,tờ đồ nhé chin tệt báo hiệu mùa xuân xang,model1_wav2vec2_vi,-0.0658,-2.9946,
TQA_7_NAM_S0045_149,audio_data/private_test/TQA_7_NAM_S0045_149.wav,còn chim ưng có mỏ vừa cứmg vừa sắc để bắt và xé con mùi,model1_wav2vec2_vi,-0.0199,-2.9859,
TQA_7_NAM_S0045_40,audio_data/private_test/TQA_7_NAM_S0045_40.wav,cỏ màc xanh chân đêm,model1_wav2vec2_vi,-0.0422,-2.9781,
TQA_7_NAM_S0045_201,audio_data/private_test/TQA_7_NAM_S0045_201.wav,be đối với hoa hai cậu cầm rao,model1_wav2vec2_vi,-0.0275,-2.9684,
TQA_7_NAM_S0045_92,audio_data/private_test/TQA_7_NAM_S0045_92.wav,chín rừng tây nguyên,model1_wav2vec2_vi,-0.0667,-2.9712,
TQA_7_NAM_S0045_119,audio_data/private_test/TQA_7_NAM_S0045_119.wav,thiên nga có bộ lông trắng muốt chiếc cổ dài thường xuyên bơi lội quanh hồ,model1_wav2vec2_vi,-0.0239,-2.9852,
TQA_7_NAM_S0045_65,audio_data/private_test/TQA_7_NAM_S0045_65.wav,cây cam vàng thên trái,model1_wav2vec2_vi,-0.0449,-2.9723,
DNL_Nu_6_S0007_18,audio_data/private_test/DNL_Nu_6_S0007_18.wav,thế là bằng cây tội đắt nhô lên,model1_wav2vec2_vi,-0.0278,-2.9578,
DNL_Nu_6_S0007_98,audio_data/private_test/DNL_Nu_6_S0007_98.wav,bạn vừa nghe xong câu câu chuyện tố kỳ tún không,model1_wav2vec2_vi,-0.0261,-2.9682,
DNL_Nu_6_S0007_4,audio_data/private_test/DNL_Nu_6_S0007_4.wav,để tớ đọc trước bạn nha,model1_wav2vec2_vi,-0.0201,-2.9724,
DNL_Nu_6_S0007_83,audio_data/private_test/DNL_Nu_6_S0007_83.wav,trong cuộc thi vận tay gấu con,model1_wav2vec2_vi,-0.0612,-2.954,
DNL_Nu_6_S0007_68,audio_data/private_test/DNL_Nu_6_S0007_68.wav,đúng rồi đấy màà,model1_wav2vec2_vi,-0.0341,-2.9948,
TQA_7_NAM_S0045_267,audio_data/private_test/TQA_7_NAM_S0045_267.wav,bài thơ tả dáng vẻ của mỗi loài chim đến bờ tre khác nhau như thế nào,model1_wav2vec2_vi,-0.0258,-2.9987,
TQA_7_NAM_S0045_52,audio_data/private_test/TQA_7_NAM_S0045_52.wav,chot ý đúng,model1_wav2vec2_vi,-0.0592,-2.9698,
TQA_7_NAM_S0045_83,audio_data/private_test/TQA_7_NAM_S0045_83.wav,xếp các từ ngỡa sau vào phụt nhóm thích hợp,model1_wav2vec2_vi,-0.0779,-2.9686,
DNL_Nu_6_S0007_104,audio_data/private_test/DNL_Nu_6_S0007_104.wav,trong cuộc thi leo cây ai thắng,model1_wav2vec2_vi,-0.0395,-2.9911,
TQA_7_NAM_S0045_278,audio_data/private_test/TQA_7_NAM_S0045_278.wav,bồ câu tung cái tổ tiên bồ câu nhà là loài bồ công múi chuyên làm tổ trên vách đá,model1_wav2vec2_vi,-0.0327,-2.9728,
DNL_Nu_6_S0007_3,audio_data/private_test/DNL_Nu_6_S0007_3.wav,chúng mình cùng gọc bài hạt nằng đế con nhé,model1_wav2vec2_vi,-0.0614,-2.9554,
DNL_Nu_6_S0007_76,audio_data/private_test/DNL_Nu_6_S0007_76.wav,thôi mà,model1_wav2vec2_vi,-0.0754,-2.9878,
TQA_7_NAM_S0045_39,audio_data/private_test/TQA_7_NAM_S0045_39.wav,rủ mùa xuân cùng về,model1_wav2vec2_vi,-0.0409,-2.9999,
TQA_7_NAM_S0045_172,audio_data/private_test/TQA_7_NAM_S0045_172.wav,đem về bỏ bò lồng sơn ca con ch,model1_wav2vec2_vi,-0.0391,-2.9531,
TQA_7_NAM_S0045_17,audio_data/private_test/TQA_7_NAM_S0045_17.wav,hình ảnh số khai là con chim gáy qhuê ơi cậu trả lời đấ,model1_wav2vec2_vi,-0.0501,-3.003,
TQA_7_NAM_S0045_283,audio_data/private_test/TQA_7_NAM_S0045_283.wav,khi chim non mới ra đời bố mẹ không bớm mồi mà bớm sữa chứa trăng riều cho con,model1_wav2vec2_vi,-0.0286,-2.9853,
DNL_Nu_6_S0007_70,audio_data/private_test/DNL_Nu_6_S0007_70.wav,theo tớ hình chim bay trên trời,model1_wav2vec2_vi,-0.0382,-2.9618,
TQA_7_NAM_S0045_165,audio_data/private_test/TQA_7_NAM_S0045_165.wav,cúc xung xướng khôn tả chìm véo hon mãi rồi mới bay về bộu trời xanh thẳng,model1_wav2vec2_vi,-0.0447,-2.9723,
TQA_7_NAM_S0045_185,audio_data/private_test/TQA_7_NAM_S0045_185.wav,còn bông hoa giá là các cậu đừng mắt nó t,model1_wav2vec2_vi,-0.0513,-2.9919,
DNL_Nu_6_S0007_8,audio_data/private_test/DNL_Nu_6_S0007_8.wav,gó than của gợt người tặc bông hống chước không giảm ấn,model1_wav2vec2_vi,-0.0764,-2.9611,
TQA_7_NAM_S0045_168,audio_data/private_test/TQA_7_NAM_S0045_168.wav,thì ra sân ca đã bị nhốt trong lồng,model1_wav2vec2_vi,-0.0191,-2.996,
TQA_7_NAM_S0045_3,audio_data/private_test/TQA_7_NAM_S0045_3.wav,tớ mời hân trả lời,model1_wav2vec2_vi,-0.0293,-2.9447,
DNL_Nu_6_S0007_24,audio_data/private_test/DNL_Nu_6_S0007_24.wav,geo bạn bong hồng được thả hạn nắm ăn tính hay giúp hạ lá cây lảyh nắm,model1_wav2vec2_vi,-0.0491,-2.9572,
TQA_7_NAM_S0045_248,audio_data/private_test/TQA_7_NAM_S0045_248.wav,đứng nhìn may móng,model1_wav2vec2_vi,-0.0643,-2.9898,
TQA_7_NAM_S0045_228,audio_data/private_test/TQA_7_NAM_S0045_228.wav,chính là chim cú mèo,model1_wav2vec2_vi,-0.0181,-2.9772,
TQA_7_NAM_S0045_203,audio_data/private_test/TQA_7_NAM_S0045_203.wav,a mà không cần biết bông hoa đang trở nên rất đẹp,model1_wav2vec2_vi,-0.0371,-2.9725,
TQA_7_NAM_S0045_218,audio_data/private_test/TQA_7_NAM_S0045_218.wav,hân cậu trả lời giúp tớ,model1_wav2vec2_vi,-0.0364,-2.9794,
TQA_7_NAM_S0045_86,audio_data/private_test/TQA_7_NAM_S0045_86.wav,tờ sẽ xắp xếp như sau,model1_wav2vec2_vi,-0.0603,-2.991,
TQA_7_NAM_S0045_34,audio_data/private_test/TQA_7_NAM_S0045_34.wav,được thôi tớ đọc nhé,model1_wav2vec2_vi,-0.0284,-2.9592,
DNL_Nu_6_S0007_6,audio_data/private_test/DNL_Nu_6_S0007_6.wav,mẹ mặt trời thả hạt nắng xuống tất chơi,model1_wav2vec2_vi,-0.0353,-2.9439,
TQA_7_NAM_S0045_87,audio_data/private_test/TQA_7_NAM_S0045_87.wav,từ ngữ chỉ sự vật là chim én hoa cánh mầm non,model1_wav2vec2_vi,-0.0223,-2.9681,
TQA_7_NAM_S0045_269,audio_data/private_test/TQA_7_NAM_S0045_269.wav,ghét đúng là a nối với hai đàn có hạ cánh reo mừng,model1_wav2vec2_vi,-0.0227,-2.957,
TQA_7_NAM_S0045_262,audio_data/private_test/TQA_7_NAM_S0045_262.wav,câu thơ nào cho thấy bờ chêa rất vui khi có khắt đến,model1_wav2vec2_vi,-0.0353,-2.9854,
TQA_7_NAM_S0045_266,audio_data/private_test/TQA_7_NAM_S0045_266.wav,nở đầy hoa trắng,model1_wav2vec2_vi,-0.0166,-2.995,
TQA_7_NAM_S0045_35,audio_data/private_test/TQA_7_NAM_S0045_35.wav,xiê én,model1_wav2vec2_vi,-0.0978,-2.93,
DNL_Nu_6_S0007_72,audio_data/private_test/DNL_Nu_6_S0007_72.wav,bạn và tố thấy cá và chim cùng đi chơi nữa đó,model1_wav2vec2_vi,-0.028,-2.9925,
TQA_7_NAM_S0045_101,audio_data/private_test/TQA_7_NAM_S0045_101.wav,từ trên nền trời xanh thẳm giống như có hàng trăm chiếc,model1_wav2vec2_vi,-0.0271,-2.9725,
TQA_7_NAM_S0045_181,audio_data/private_test/TQA_7_NAM_S0045_181.wav,sáng hôm sau thấy sơn ca đã chết,model1_wav2vec2_vi,-0.0322,-2.9708,
TQA_7_NAM_S0045_32,audio_data/private_test/TQA_7_NAM_S0045_32.wav,à hình ảnh số mười là con chim mình bịp rác,model1_wav2vec2_vi,-0.059,-2.9633,
TQA_7_NAM_S0045_231,audio_data/private_test/TQA_7_NAM_S0045_231.wav,theo các cậu các loài chi mang đến lợi ích gì cho con người,model1_wav2vec2_vi,-0.0157,-2.9877,
TQA_7_NAM_S0045_154,audio_data/private_test/TQA_7_NAM_S0045_154.wav,nếu thấy nguy hiểm có có thể bay đi chốn thật nhanh,model1_wav2vec2_vi,-0.0304,-2.9853,
TQA_7_NAM_S0045_116,audio_data/private_test/TQA_7_NAM_S0045_116.wav,dựa theo bài đọc hãy tả lại hình ảnh của một loài chim mà các bạn thích nhẽ,model1_wav2vec2_vi,-0.0313,-2.9918,
TQA_7_NAM_S0045_178,audio_data/private_test/TQA_7_NAM_S0045_178.wav,đêm ấy sôn ca lừa đời,model1_wav2vec2_vi,-0.027,-2.9775,
TQA_7_NAM_S0045_192,audio_data/private_test/TQA_7_NAM_S0045_192.wav,nó xò những cánh trắng tươi tắn đọt nắng mặt trời và xung xướng hơn tả khi nghe sơn ca gát,model1_wav2vec2_vi,-0.0232,-2.9993,
TQA_7_NAM_S0045_164,audio_data/private_test/TQA_7_NAM_S0045_164.wav,cúc ơi cốc xinh sẵn làm sao,model1_wav2vec2_vi,-0.0337,-2.969,
TQA_7_NAM_S0045_171,audio_data/private_test/TQA_7_NAM_S0045_171.wav,bỗng có hai cậu bé đi vào bườn cắt cả đám cỏ dạy lẫn bông cúc,model1_wav2vec2_vi,-0.0229,-2.9691,
TQA_7_NAM_S0045_10,audio_data/private_test/TQA_7_NAM_S0045_10.wav,bé ơi hanh trả lời hộ tớ,model1_wav2vec2_vi,-0.1064,-2.95,
DNL_Nu_6_S0007_101,audio_data/private_test/DNL_Nu_6_S0007_101.wav,trau của phim chạy báo thắng hai thưa,model1_wav2vec2_vi,-0.0426,-2.9721,
DNL_Nu_6_S0007_59,audio_data/private_test/DNL_Nu_6_S0007_59.wav,cài,model1_wav2vec2_vi,-0.0862,-2.9757,
TQA_7_NAM_S0045_227,audio_data/private_test/TQA_7_NAM_S0045_227.wav,khảo ơi cậu trả lời cộ tứ,model1_wav2vec2_vi,-0.067,-2.951,
DNL_Nu_6_S0007_37,audio_data/private_test/DNL_Nu_6_S0007_37.wav,ôi mạn cá ơi,model1_wav2vec2_vi,-0.0424,-2.995,
TQA_7_NAM_S0045_105,audio_data/private_test/TQA_7_NAM_S0045_105.wav,thảo ơi cậu đọc đoạn ba đi,model1_wav2vec2_vi,-0.0311,-2.974,
TQA_7_NAM_S0045_152,audio_data/private_test/TQA_7_NAM_S0045_152.wav,nếu nó nằm hỏng xuống thì đứng vậy sẽ rất khó khăn,model1_wav2vec2_vi,-0.0225,-3.0013,
TQA_7_NAM_S0045_2,audio_data/private_test/TQA_7_NAM_S0045_2.wav,tớ đố các cậu trước hình ảnh số một là chim gì vậy,model1_wav2vec2_vi,-0.0306,-2.9779,
DNL_Nu_6_S0007_73,audio_data/private_test/DNL_Nu_6_S0007_73.wav,việt nam ơi bạn có muốn nghe mủ câu chuyện không,model1_wav2vec2_vi,-0.0169,-2.9824,
DNL_Nu_6_S0007_5,audio_data/private_test/DNL_Nu_6_S0007_5.wav,thặt nặng bé con,model1_wav2vec2_vi,-0.0417,-2.9764,
TQA_7_NAM_S0045_19,audio_data/private_test/TQA_7_NAM_S0045_19.wav,bây giờ tớ mời bạn hơn trả lời bức chanh số bốn,model1_wav2vec2_vi,-0.0415,-2.9445,
TQA_7_NAM_S0045_134,audio_data/private_test/TQA_7_NAM_S0045_134.wav,tềm bộ phận câu trả lời cho câu hỏi ở đâu,model1_wav2vec2_vi,-0.0247,-2.9624,
DNL_Nu_6_S0007_86,audio_data/private_test/DNL_Nu_6_S0007_86.wav,ngày mai có cuộc cuộc của lễ thiểu nhi,model1_wav2vec2_vi,-0.053,-2.9547,
TQA_7_NAM_S0045_72,audio_data/private_test/TQA_7_NAM_S0045_72.wav,cảm ơn bạn đã về đây chơi cùng chúng tôi,model1_wav2vec2_vi,-0.0193,-2.9725,
DNL_Nu_6_S0007_315,audio_data/private_test/DNL_Nu_6_S0007_315.wav,mội làn vừn cũng đực vỡ ngác thương,model1_wav2vec2_vi,-0.0756,-2.9915,
TQA_7_NAM_S0045_49,audio_data/private_test/TQA_7_NAM_S0045_49.wav,khi lớn thêm một tuổi,model1_wav2vec2_vi,-0.0386,-2.9715,
DNL_Nu_6_S0007_67,audio_data/private_test/DNL_Nu_6_S0007_67.wav,à thờ thành cảm ơn rừa suối cậu a,model1_wav2vec2_vi,-0.0669,-2.965,
TQA_7_NAM_S0045_94,audio_data/private_test/TQA_7_NAM_S0045_94.wav,bầu trời trong xanh xa bóng xuống đáy hổ,model1_wav2vec2_vi,-0.028,-2.9843,
DNL_Nu_6_S0007_12,audio_data/private_test/DNL_Nu_6_S0007_12.wav,để tới để tới đọc lại bạn nhe nhé,model1_wav2vec2_vi,-0.0242,-2.9663,
TQA_7_NAM_S0045_163,audio_data/private_test/TQA_7_NAM_S0045_163.wav,một chú sân ca xả xuống hoát trừng,model1_wav2vec2_vi,-0.0438,-2.9892,
TQA_7_NAM_S0045_211,audio_data/private_test/TQA_7_NAM_S0045_211.wav,cả chim và hoa cùng tô điểm cho cuộc sống trở nên tươi đẹp hơn,model1_wav2vec2_vi,-0.0105,-2.966,
TQA_7_NAM_S0045_6,audio_data/private_test/TQA_7_NAM_S0045_6.wav,cậu ơi thảo ơi cậu có thể trả lời hặ tới không,model1_wav2vec2_vi,-0.054,-2.9396,
TQA_7_NAM_S0045_177,audio_data/private_test/TQA_7_NAM_S0045_177.wav,tới rồi chẳng ai cho con khim khốn khổ một giọt nước,model1_wav2vec2_vi,-0.0253,-2.969,
DNL_Nu_6_S0007_29,audio_data/private_test/DNL_Nu_6_S0007_29.wav,đển tới độc bạn nhe nào,model1_wav2vec2_vi,-0.0348,-2.9933,
TQA_7_NAM_S0045_226,audio_data/private_test/TQA_7_NAM_S0045_226.wav,chim gì giốu mật mèo ăn đen chuyên bắc chuột vậy đáp cậu,model1_wav2vec2_vi,-0.0718,-2.9972,
TQA_7_NAM_S0045_159,audio_data/private_test/TQA_7_NAM_S0045_159.wav,chúg mình lại đọc bài đọc chim sơn ca vào bông cúc chẳng nhé,model1_wav2vec2_vi,-0.0303,-2.9981,
DNL_Nu_6_S0007_48,audio_data/private_test/DNL_Nu_6_S0007_48.wav,tới đọc lại lần nữa chúng mình cũng nghe nhhết,model1_wav2vec2_vi,-0.0386,-2.9803,
TQA_7_NAM_S0045_175,audio_data/private_test/TQA_7_NAM_S0045_175.wav,cốc tỏa hương thâm ngào ngạt an ủi chi sơn ca,model1_wav2vec2_vi,-0.0528,-2.9479,
TQA_7_NAM_S0045_138,audio_data/private_test/TQA_7_NAM_S0045_138.wav,ảnh á bộ phận in đậm là bộ phận trả lời cho câu hỏi ở đâu,model1_wav2vec2_vi,-0.0213,-3.0032,
TQA_7_NAM_S0045_169,audio_data/private_test/TQA_7_NAM_S0045_169.wav,bông cúc muốn cứu chim nhưng chẳng làm được gì,model1_wav2vec2_vi,-0.0247,-2.9944,
TQA_7_NAM_S0045_89,audio_data/private_test/TQA_7_NAM_S0045_89.wav,sau đây tớ và các cậu sẽ cùng đọc bài chi với đừng tây nguyên,model1_wav2vec2_vi,-0.0294,-2.9744,
DNL_Nu_6_S0007_82,audio_data/private_test/DNL_Nu_6_S0007_82.wav,bào con rất buồn,model1_wav2vec2_vi,-0.042,-2.969,
TQA_7_NAM_S0045_55,audio_data/private_test/TQA_7_NAM_S0045_55.wav,xe chim én về để mở hội xuân,model1_wav2vec2_vi,-0.021,-2.9816,
TQA_7_NAM_S0045_225,audio_data/private_test/TQA_7_NAM_S0045_225.wav,đó là chim bồ câu,model1_wav2vec2_vi,-0.0315,-2.9817,
TQA_7_NAM_S0045_132,audio_data/private_test/TQA_7_NAM_S0045_132.wav,theo tớ bộ phận im đặm trong những câu trên trả lời cho câu hỏi ở đâu,model1_wav2vec2_vi,-0.0252,-2.9695,
DNL_Nu_6_S0007_102,audio_data/private_test/DNL_Nu_6_S0007_102.wav,thái độ của bà thế nào,model1_wav2vec2_vi,-0.0338,-2.9863,
DNL_Nu_6_S0007_100,audio_data/private_test/DNL_Nu_6_S0007_100.wav,đợc thầy giờ ra chơi báu con ra ngoài sân chơi với các bạn,model1_wav2vec2_vi,-0.041,-2.9822,
TQA_7_NAM_S0045_253,audio_data/private_test/TQA_7_NAM_S0045_253.wav,đậu vào chỗ cũ,model1_wav2vec2_vi,-0.0147,-2.9773,
DNL_Nu_6_S0007_2,audio_data/private_test/DNL_Nu_6_S0007_2.wav,thế mình thấy giờ chúng mình đọc bài gì nhẻ,model1_wav2vec2_vi,-0.0415,-2.9913,
TQA_7_NAM_S0045_9,audio_data/private_test/TQA_7_NAM_S0045_9.wav,đó là quả các cậu ơi hình ảnh số bảy là chim gì vậy,model1_wav2vec2_vi,-0.014,-2.9928,
TQA_7_NAM_S0045_241,audio_data/private_test/TQA_7_NAM_S0045_241.wav,bờ che quanh thổ suốt ngày đón khắc,model1_wav2vec2_vi,-0.0366,-2.9982,
TQA_7_NAM_S0045_184,audio_data/private_test/TQA_7_NAM_S0045_184.wav,các cậu đã đẻ mặt nó chết vì đòi khác,model1_wav2vec2_vi,-0.0229,-2.9783,
DNL_Nu_6_S0007_85,audio_data/private_test/DNL_Nu_6_S0007_85.wav,hầy vế mặt của ban hay vế mặt của báo thầy ngủ nhờ nhờ bào con là,model1_wav2vec2_vi,-0.0459,-2.9642,
TQA_7_NAM_S0045_139,audio_data/private_test/TQA_7_NAM_S0045_139.wav,ha đại bàng trao lượn trên nền trời xanh thắm,model1_wav2vec2_vi,-0.0351,-2.9778,
TQA_7_NAM_S0045_213,audio_data/private_test/TQA_7_NAM_S0045_213.wav,khuê ơi cậu muốn nói gì,model1_wav2vec2_vi,-0.021,-2.9902,
DNL_Nu_6_S0007_20,audio_data/private_test/DNL_Nu_6_S0007_20.wav,vậy theo bạn lan thì đẹp mặt trờ tưởn hạt nắng ăn ủi hơy thản hàn nắng cúng đất chơi,model1_wav2vec2_vi,-0.0538,-2.9776,
TQA_7_NAM_S0045_252,audio_data/private_test/TQA_7_NAM_S0045_252.wav,chú vủ bay lên,model1_wav2vec2_vi,-0.0463,-2.9908,
TQA_7_NAM_S0045_4,audio_data/private_test/TQA_7_NAM_S0045_4.wav,a đó là chin cánh cột đó khuê,model1_wav2vec2_vi,-0.0985,-2.9679,
TQA_7_NAM_S0045_246,audio_data/private_test/TQA_7_NAM_S0045_246.wav,đến chơi im lạn,model1_wav2vec2_vi,-0.0288,-2.9849,
TQA_7_NAM_S0045_25,audio_data/private_test/TQA_7_NAM_S0045_25.wav,vậy thên ơi nhưng cậu có biết hình ảnh số bảy là con chi thì không,model1_wav2vec2_vi,-0.0636,-2.9771,
TQA_7_NAM_S0045_128,audio_data/private_test/TQA_7_NAM_S0045_128.wav,à khổ i rô pao ở tây nguyên,model1_wav2vec2_vi,-0.0548,-2.944,
TQA_7_NAM_S0045_80,audio_data/private_test/TQA_7_NAM_S0045_80.wav,cậu màu xanh ở trên đê,model1_wav2vec2_vi,-0.0399,-3.0005,
DNL_Nu_6_S0007_7,audio_data/private_test/DNL_Nu_6_S0007_7.wav,hạt nắng gặp bung khồng bị tẫy cảnh đang rụt mùi khóc,model1_wav2vec2_vi,-0.0298,-2.9689,
TQA_7_NAM_S0045_30,audio_data/private_test/TQA_7_NAM_S0045_30.wav,à hình ảnh số chín là con chim vàng anh bây giờ đến hân đấy,model1_wav2vec2_vi,-0.0405,-2.9682,
TQA_7_NAM_S0045_208,audio_data/private_test/TQA_7_NAM_S0045_208.wav,cậu muốn cậu muốn nói gì với các bạn ấy,model1_wav2vec2_vi,-0.024,-2.9885,
TQA_7_NAM_S0045_60,audio_data/private_test/TQA_7_NAM_S0045_60.wav,cậu trả lời đi,model1_wav2vec2_vi,-0.0144,-2.9844,
TQA_7_NAM_S0045_22,audio_data/private_test/TQA_7_NAM_S0045_22.wav,mớt khành thứ năm là con bói cá,model1_wav2vec2_vi,-0.051,-2.9854,
TQA_7_NAM_S0045_29,audio_data/private_test/TQA_7_NAM_S0045_29.wav,ọc khuê ơi cậu trả lời giúp tớ hình ảnh số chín đi,model1_wav2vec2_vi,-0.0548,-2.9816,
TQA_7_NAM_S0045_236,audio_data/private_test/TQA_7_NAM_S0045_236.wav,cung cấp nguồn thực phẩm cho con người,model1_wav2vec2_vi,-0.0239,-2.957,
TQA_7_NAM_S0045_97,audio_data/private_test/TQA_7_NAM_S0045_97.wav,nơi đây cất lên những tiển chim riều ric,model1_wav2vec2_vi,-0.0519,-2.9815,
DNL_Nu_6_S0007_33,audio_data/private_test/DNL_Nu_6_S0007_33.wav,xim có biết bơi,model1_wav2vec2_vi,-0.0597,-2.9809,
TQA_7_NAM_S0045_224,audio_data/private_test/TQA_7_NAM_S0045_224.wav,khoe ơn cậu trả lời đi,model1_wav2vec2_vi,-0.0441,-2.9767,
TQA_7_NAM_S0045_111,audio_data/private_test/TQA_7_NAM_S0045_111.wav,những đầu ngữ cảm vẻ đẹp của mặt hồ iropal là cha mình rung động,model1_wav2vec2_vi,-0.0427,-2.9585,
TQA_7_NAM_S0045_78,audio_data/private_test/TQA_7_NAM_S0045_78.wav,thảo ơi cậu trả lời giúp tôi nhé,model1_wav2vec2_vi,-0.0298,-2.9766,
TQA_7_NAM_S0045_243,audio_data/private_test/TQA_7_NAM_S0045_243.wav,hạn cánh leo mừng,model1_wav2vec2_vi,-0.0631,-2.9635,
TQA_7_NAM_S0045_288,audio_data/private_test/TQA_7_NAM_S0045_288.wav,vì thế từ xưa người ta đã huấn luyện bù câu để đưa thư,model1_wav2vec2_vi,-0.0237,-2.9778,
TQA_7_NAM_S0045_274,audio_data/private_test/TQA_7_NAM_S0045_274.wav,câu thơ nào cho thấy bầy khim cu rất thích bờ the,model1_wav2vec2_vi,-0.0372,-3.0065,
TQA_7_NAM_S0045_285,audio_data/private_test/TQA_7_NAM_S0045_285.wav,chúng có thể bay xa tới một nghìn tám trăm kilô mét,model1_wav2vec2_vi,-0.0289,-2.991,
DNL_Nu_6_S0007_38,audio_data/private_test/DNL_Nu_6_S0007_38.wav,chín không biết đôi,model1_wav2vec2_vi,-0.1829,-2.9996,
DNL_Nu_6_S0007_66,audio_data/private_test/DNL_Nu_6_S0007_66.wav,sau khi đọc xong bài thơ theo dạn thì cá ở đâu nhỉ đến,model1_wav2vec2_vi,-0.0504,-2.9828,
DNL_Nu_6_S0007_14,audio_data/private_test/DNL_Nu_6_S0007_14.wav,viên mặt trời thả hạt láng xuống đất chơi,model1_wav2vec2_vi,-0.0375,-2.9813,
TQA_7_NAM_S0045_284,audio_data/private_test/TQA_7_NAM_S0045_284.wav,vộ con rất thông minh,model1_wav2vec2_vi,-0.0268,-2.9693,
DNL_Nu_6_S0007_69,audio_data/private_test/DNL_Nu_6_S0007_69.wav,vậy theo việt nam thì chim ở đâu,model1_wav2vec2_vi,-0.0121,-2.9758,
DNL_Nu_6_S0007_21,audio_data/private_test/DNL_Nu_6_S0007_21.wav,theo tớ thì mẹ mặt trời thả hạt mắng xuống đất chơi,model1_wav2vec2_vi,-0.0319,-2.9797,
TQA_7_NAM_S0045_68,audio_data/private_test/TQA_7_NAM_S0045_68.wav,tớ mời khoe khản nơi,model1_wav2vec2_vi,-0.0574,-2.931,
TQA_7_NAM_S0045_36,audio_data/private_test/TQA_7_NAM_S0045_36.wav,chim èn bất đi đâu,model1_wav2vec2_vi,-0.0328,-2.9865,
TQA_7_NAM_S0045_46,audio_data/private_test/TQA_7_NAM_S0045_46.wav,đến bay trào cánh vẫy,model1_wav2vec2_vi,-0.0498,-2.9658,
TQA_7_NAM_S0045_118,audio_data/private_test/TQA_7_NAM_S0045_118.wav,tớ thích loài phim thiên nga,model1_wav2vec2_vi,-0.0571,-2.9863,
DNL_Nu_6_S0007_15,audio_data/private_test/DNL_Nu_6_S0007_15.wav,hạt nắng gặp bông hòng bị gãy cảnh đang ùn sột hắp,model1_wav2vec2_vi,-0.0619,-2.9454,
TQA_7_NAM_S0045_44,audio_data/private_test/TQA_7_NAM_S0045_44.wav,trời đắp nụi mưa rơi,model1_wav2vec2_vi,-0.0447,-2.9571,
DNL_Nu_6_S0007_88,audio_data/private_test/DNL_Nu_6_S0007_88.wav,tào con làm việc bào con đồng ý ni lệch thầy,model1_wav2vec2_vi,-0.0375,-2.9641,
TQA_7_NAM_S0045_76,audio_data/private_test/TQA_7_NAM_S0045_76.wav,bê rau sung xê nương bái,model1_wav2vec2_vi,-0.0549,-2.9822,
TQA_7_NAM_S0045_5,audio_data/private_test/TQA_7_NAM_S0045_5.wav,tớ đó các nít hình ảnh xấu bốn là chim gì vậy,model1_wav2vec2_vi,-0.0603,-2.9818,
TQA_7_NAM_S0045_70,audio_data/private_test/TQA_7_NAM_S0045_70.wav,ói mùa xuân ơi nhờ có bạn mà cây cối đấm trồi nảy lộc,model1_wav2vec2_vi,-0.0318,-2.9917,
TQA_7_NAM_S0045_259,audio_data/private_test/TQA_7_NAM_S0045_259.wav,khách đến bờ chea là những loài chim nào,model1_wav2vec2_vi,-0.0572,-2.9626,
TQA_7_NAM_S0045_264,audio_data/private_test/TQA_7_NAM_S0045_264.wav,câu thơ cho thấy bờ che rất vui khi có khách đến là,model1_wav2vec2_vi,-0.0202,-2.9894,
TQA_7_NAM_S0045_277,audio_data/private_test/TQA_7_NAM_S0045_277.wav,em xin đọc bài bố câu tung cánh,model1_wav2vec2_vi,-0.015,-2.983,
TQA_7_NAM_S0045_261,audio_data/private_test/TQA_7_NAM_S0045_261.wav,khách đến bờ che là những loài chim sau cò bồn nông bòi cá chim cu,model1_wav2vec2_vi,-0.035,-2.9719,
TQA_7_NAM_S0045_95,audio_data/private_test/TQA_7_NAM_S0045_95.wav,mặc hồ càng xanh thêm và như rộng ra mếnh mông,model1_wav2vec2_vi,-0.033,-2.9788,
TQA_7_NAM_S0045_48,audio_data/private_test/TQA_7_NAM_S0045_48.wav,chim ơi chim nói gì,model1_wav2vec2_vi,-0.019,-2.9785,
DNL_Nu_6_S0007_103,audio_data/private_test/DNL_Nu_6_S0007_103.wav,trong cuộc thi chạy báo thắng và thẳng có thái độ rất vui,model1_wav2vec2_vi,-0.0206,-2.9716,
TQA_7_NAM_S0045_148,audio_data/private_test/TQA_7_NAM_S0045_148.wav,mỏ vẹt khầm khầm như cái sừng châng vừa dày vừa cứng giúp chúng dễ dàng mổ vỡ các hạt cứng,model1_wav2vec2_vi,-0.0318,-2.9792,
DNL_Nu_6_S0007_27,audio_data/private_test/DNL_Nu_6_S0007_27.wav,sau đây tớ vạ với bạn cùng tìm hiểu về cá và chim qua bài thơ cá và chim nhé,model1_wav2vec2_vi,-0.0176,-2.9813,
TQA_7_NAM_S0045_38,audio_data/private_test/TQA_7_NAM_S0045_38.wav,luyện bày nghư dẫn lối,model1_wav2vec2_vi,-0.0491,-3.0017,
TQA_7_NAM_S0045_7,audio_data/private_test/TQA_7_NAM_S0045_7.wav,hình ảnh rồi bốn là chim gõc kiến,model1_wav2vec2_vi,-0.0563,-2.9803,
DNL_Nu_6_S0007_305,audio_data/private_test/DNL_Nu_6_S0007_305.wav,mội làn vườn cũ lực vễ hác thương,model1_wav2vec2_vi,-0.0723,-2.982,
TQA_7_NAM_S0045_102,audio_data/private_test/TQA_7_NAM_S0045_102.wav,đàn cùng hòa âm,model1_wav2vec2_vi,-0.0202,-2.9247,
TQA_7_NAM_S0045_133,audio_data/private_test/TQA_7_NAM_S0045_133.wav,cậu trả lời cho tới câu này nhé,model1_wav2vec2_vi,-0.0604,-2.9847,
DNL_Nu_6_S0007_105,audio_data/private_test/DNL_Nu_6_S0007_105.wav,thái độc của báo chí nào,model1_wav2vec2_vi,-0.0527,-2.9353,
TQA_7_NAM_S0045_151,audio_data/private_test/TQA_7_NAM_S0045_151.wav,có có cơ thể tương đối lớn,model1_wav2vec2_vi,-0.0227,-2.9615,
TQA_7_NAM_S0045_90,audio_data/private_test/TQA_7_NAM_S0045_90.wav,mỗi người đỏng một loại nhé,model1_wav2vec2_vi,-0.0305,-2.9437,
TQA_7_NAM_S0045_74,audio_data/private_test/TQA_7_NAM_S0045_74.wav,bộ phận nào trong mỗi câu sau trả lời cho câu hỏi ở đâu,model1_wav2vec2_vi,-0.0225,-2.997,
TQA_7_NAM_S0045_254,audio_data/private_test/TQA_7_NAM_S0045_254.wav,kế chơi đông đủ,model1_wav2vec2_vi,-0.0477,-2.9901,
TQA_7_NAM_S0045_107,audio_data/private_test/TQA_7_NAM_S0045_107.wav,riếu ryết bay đến tậu ở những bụi cây quanh phố,model1_wav2vec2_vi,-0.0336,-2.9702,
TQA_7_NAM_S0045_222,audio_data/private_test/TQA_7_NAM_S0045_222.wav,chim chên bắt sâu đó lài chim sâu,model1_wav2vec2_vi,-0.0556,-2.9954,
TQA_7_NAM_S0045_108,audio_data/private_test/TQA_7_NAM_S0045_108.wav,tiếng hoát lộn vang cả mặt nước,model1_wav2vec2_vi,-0.0319,-2.9735,
TQA_7_NAM_S0045_291,audio_data/private_test/TQA_7_NAM_S0045_291.wav,sau này mặc dù đã có những phương tiện thông minh liên lạc,model1_wav2vec2_vi,-0.0422,-2.9957,
DNL_Nu_6_S0007_52,audio_data/private_test/DNL_Nu_6_S0007_52.wav,xuống đây mà chơi,model1_wav2vec2_vi,-0.0365,-2.9825,
DNL_Nu_6_S0007_17,audio_data/private_test/DNL_Nu_6_S0007_17.wav,ne hạt nằm thì thàn nó hơi ắm xuống đân,model1_wav2vec2_vi,-0.0566,-2.9852,
TQA_7_NAM_S0045_197,audio_data/private_test/TQA_7_NAM_S0045_197.wav,khuê ơi câu trả lời giúp tới câu này nhé,model1_wav2vec2_vi,-0.0552,-2.995,
DNL_Nu_6_S0007_31,audio_data/private_test/DNL_Nu_6_S0007_31.wav,ì cá bơi rừa chùa thấy chin hót trên cây bèn ngủ,model1_wav2vec2_vi,-0.0863,-2.988,
DNL_Nu_6_S0007_22,audio_data/private_test/DNL_Nu_6_S0007_22.wav,à bạn trả lời đúng rồi đấy,model1_wav2vec2_vi,-0.0242,-2.9525,
DNL_Nu_6_S0007_84,audio_data/private_test/DNL_Nu_6_S0007_84.wav,và cầu con chảt là thái độ của báo rất tức vắn thái bộ của báo hyết tức,model1_wav2vec2_vi,-0.0647,-2.9475,
TQA_7_NAM_S0045_295,audio_data/private_test/TQA_7_NAM_S0045_295.wav,chim bồ câu ắp trứng nuôi con mới nở thế nào,model1_wav2vec2_vi,-0.0151,-2.9728,
TQA_7_NAM_S0045_158,audio_data/private_test/TQA_7_NAM_S0045_158.wav,nên chúng không thể đi lại bình thường trên mặt đất,model1_wav2vec2_vi,-0.0112,-2.9936,
TQA_7_NAM_S0045_200,audio_data/private_test/TQA_7_NAM_S0045_200.wav,không nhớ cho chim uống nước để nó khác khô họn,model1_wav2vec2_vi,-0.0453,-2.992,
TQA_7_NAM_S0045_84,audio_data/private_test/TQA_7_NAM_S0045_84.wav,chim én mở hội lượn bay hoa dẫn lối rủtrao cái vẫy mầm non,model1_wav2vec2_vi,-0.0193,-2.9634,
TQA_7_NAM_S0045_117,audio_data/private_test/TQA_7_NAM_S0045_117.wav,hơ nơ cậu kể lại bí,model1_wav2vec2_vi,-0.0818,-2.9374,
TQA_7_NAM_S0045_292,audio_data/private_test/TQA_7_NAM_S0045_292.wav,hiện tại ở một số nước người ta vẫn sử dụng bưu điện bộ câu,model1_wav2vec2_vi,-0.0261,-2.9822,
TQA_7_NAM_S0045_66,audio_data/private_test/TQA_7_NAM_S0045_66.wav,hòa khỏe sắc nơi nơi,model1_wav2vec2_vi,-0.0356,-2.9701,
DNL_Nu_6_S0007_40,audio_data/private_test/DNL_Nu_6_S0007_40.wav,chim bay trên trời,model1_wav2vec2_vi,-0.0828,-3.008,
TQA_7_NAM_S0045_58,audio_data/private_test/TQA_7_NAM_S0045_58.wav,các t hãy tìm giúp tớ,model1_wav2vec2_vi,-0.0456,-2.9711,
TQA_7_NAM_S0045_293,audio_data/private_test/TQA_7_NAM_S0045_293.wav,bu điện này có hẳn một loại tem riêng,model1_wav2vec2_vi,-0.0305,-3.0031,
DNL_Nu_6_S0007_54,audio_data/private_test/DNL_Nu_6_S0007_54.wav,chim trả lời,model1_wav2vec2_vi,-0.0217,-2.9674,
TQA_7_NAM_S0045_286,audio_data/private_test/TQA_7_NAM_S0045_286.wav,nhưng hồ bay xa đến đâu,model1_wav2vec2_vi,-0.0282,-2.9895,
DNL_Nu_6_S0007_92,audio_data/private_test/DNL_Nu_6_S0007_92.wav,bảo ăn  như nếu như người khác thận thì coi như em là thua,model1_wav2vec2_vi,-0.068,-2.9639,
DNL_Nu_6_S0007_28,audio_data/private_test/DNL_Nu_6_S0007_28.wav,hay đỏ vệt nam à,model1_wav2vec2_vi,-0.0417,-2.953,
TQA_7_NAM_S0045_31,audio_data/private_test/TQA_7_NAM_S0045_31.wav,cậu trả lời mình hgành số mươi đi,model1_wav2vec2_vi,-0.0584,-2.9368,
TQA_7_NAM_S0045_206,audio_data/private_test/TQA_7_NAM_S0045_206.wav,hành động của các cậu bé gây ra chuyện đau lòng vào sáng hôm sau,model1_wav2vec2_vi,-0.0095,-2.9821,
TQA_7_NAM_S0045_127,audio_data/private_test/TQA_7_NAM_S0045_127.wav,bộ phận im động trong câu sau trả lời cho câu hỏi nào,model1_wav2vec2_vi,-0.0356,-2.984,
TQA_7_NAM_S0045_256,audio_data/private_test/TQA_7_NAM_S0045_256.wav,ca hát ngật cù,model1_wav2vec2_vi,-0.0588,-2.9769,
DNL_Nu_6_S0007_78,audio_data/private_test/DNL_Nu_6_S0007_78.wav,trong cuộc thi chạy báo cạo thắng và báo rất vui xuống vì mình thẳn,model1_wav2vec2_vi,-0.0346,-2.9545,
TQA_7_NAM_S0045_205,audio_data/private_test/TQA_7_NAM_S0045_205.wav,cậu trả lời ngội tới nhé thảo,model1_wav2vec2_vi,-0.0993,-2.9669,
TQA_7_NAM_S0045_255,audio_data/private_test/TQA_7_NAM_S0045_255.wav,cả toán chim cu,model1_wav2vec2_vi,-0.0735,-2.9813,
TQA_7_NAM_S0045_26,audio_data/private_test/TQA_7_NAM_S0045_26.wav,à tớ biết hình ảnh số bảy là con kiu sâu,model1_wav2vec2_vi,-0.0489,-2.9717,
TQA_7_NAM_S0045_115,audio_data/private_test/TQA_7_NAM_S0045_115.wav,những loài chim quanh hồ iropal là đại bàng thiên nga chim copuc,model1_wav2vec2_vi,-0.0501,-2.9778,
DNL_Nu_6_S0007_93,audio_data/private_test/DNL_Nu_6_S0007_93.wav,em từng thặn cho bé mặt buồi hay hay tức gận vế,model1_wav2vec2_vi,-0.0712,-2.9791,
TQA_7_NAM_S0045_251,audio_data/private_test/TQA_7_NAM_S0045_251.wav,đỡ suống cành mền,model1_wav2vec2_vi,-0.041,-2.9874,
TQA_7_NAM_S0045_136,audio_data/private_test/TQA_7_NAM_S0045_136.wav,ýbê trên mặt hồ bầy thiên nga trắng bút đang bơi lội,model1_wav2vec2_vi,-0.0492,-2.994,
TQA_7_NAM_S0045_71,audio_data/private_test/TQA_7_NAM_S0045_71.wav,muốn thú mừng vui,model1_wav2vec2_vi,-0.0199,-3.008,
TQA_7_NAM_S0045_114,audio_data/private_test/TQA_7_NAM_S0045_114.wav,quanh hồ i ra pao có những loài chim tháo,model1_wav2vec2_vi,-0.068,-2.9554,
TQA_7_NAM_S0045_12,audio_data/private_test/TQA_7_NAM_S0045_12.wav,giờ chú mình đã biết hết tây của các loài chin trong bức tránh trên rồi,model1_wav2vec2_vi,-0.0393,-2.9827,
TQA_7_NAM_S0045_202,audio_data/private_test/TQA_7_NAM_S0045_202.wav,ao cắt cả đám cỏ lấn bông cụ hoa cúc bỏ vào lùng sơn can,model1_wav2vec2_vi,-0.0578,-2.9858,
TQA_7_NAM_S0045_235,audio_data/private_test/TQA_7_NAM_S0045_235.wav,rúp phát tán hạt đống cây rừng,model1_wav2vec2_vi,-0.0289,-2.9725,
TQA_7_NAM_S0045_28,audio_data/private_test/TQA_7_NAM_S0045_28.wav,hình ảnh sổ tám là con chim cú mẹo,model1_wav2vec2_vi,-0.0372,-2.9956,
DNL_Nu_6_S0007_75,audio_data/private_test/DNL_Nu_6_S0007_75.wav,câu chuyện thồi bóng,model1_wav2vec2_vi,-0.0273,-2.9764,
DNL_Nu_6_S0007_99,audio_data/private_test/DNL_Nu_6_S0007_99.wav,vây bạn hãy cho tôi biết rồi rát chơi báo có làm gì,model1_wav2vec2_vi,-0.0382,-2.9921,
TQA_7_NAM_S0045_233,audio_data/private_test/TQA_7_NAM_S0045_233.wav,ăn sâu bọ có hại và động vật gặm nhấm,model1_wav2vec2_vi,-0.0185,-2.9944,
DNL_Nu_6_S0007_53,audio_data/private_test/DNL_Nu_6_S0007_53.wav,cích lắn thích lắn,model1_wav2vec2_vi,-0.1195,-2.9652,
TQA_7_NAM_S0045_199,audio_data/private_test/TQA_7_NAM_S0045_199.wav,hai cậu bé bắc chim vào lồng nhưng lại không đ,model1_wav2vec2_vi,-0.0427,-3.0046,
TQA_7_NAM_S0045_289,audio_data/private_test/TQA_7_NAM_S0045_289.wav,ở nước ta trong cuộc khởi nghĩa lam sơn chống quân minh,model1_wav2vec2_vi,-0.0225,-2.9756,
TQA_7_NAM_S0045_20,audio_data/private_test/TQA_7_NAM_S0045_20.wav,à bức tranh số bốn là con thiu góc kiến,model1_wav2vec2_vi,-0.0827,-2.964,
DNL_Nu_6_S0007_13,audio_data/private_test/DNL_Nu_6_S0007_13.wav,hạt ngằn để con,model1_wav2vec2_vi,-0.0599,-2.95,
TQA_7_NAM_S0045_122,audio_data/private_test/TQA_7_NAM_S0045_122.wav,mình đỏ chót và nhỏ như quả ớt có cặp nó thanh mạnh,model1_wav2vec2_vi,-0.033,-2.967,
TQA_7_NAM_S0045_230,audio_data/private_test/TQA_7_NAM_S0045_230.wav,chim có bộ lông đuôi rực dỡ sắc màu múa rất đẹp là chim công anh,model1_wav2vec2_vi,-0.0279,-2.9795,
TQA_7_NAM_S0045_14,audio_data/private_test/TQA_7_NAM_S0045_14.wav,hân ói cậu kẻ trước li,model1_wav2vec2_vi,-0.0995,-2.9932,
TQA_7_NAM_S0045_234,audio_data/private_test/TQA_7_NAM_S0045_234.wav,làng chăn đẹp đợc trăn trí trong gia đình từ lông chim,model1_wav2vec2_vi,-0.0367,-2.9709,
TQA_7_NAM_S0045_50,audio_data/private_test/TQA_7_NAM_S0045_50.wav,các cậu trả lời giúp tớ các câu hỏi sau nhé,model1_wav2vec2_vi,-0.0284,-2.9738,
TQA_7_NAM_S0045_98,audio_data/private_test/TQA_7_NAM_S0045_98.wav,chim đại bàng châm vàng mỏ đỏ đang trao luợn,model1_wav2vec2_vi,-0.0183,-2.9696,
TQA_7_NAM_S0045_129,audio_data/private_test/TQA_7_NAM_S0045_129.wav,bề những điểm chim lướu rít các quanh quanh nhà,model1_wav2vec2_vi,-0.0747,-2.9624,
TQA_7_NAM_S0045_258,audio_data/private_test/TQA_7_NAM_S0045_258.wav,tớ đọc xong rồi bây giờ các cậu trả lời giúp tớ những câu hỏi này nhé,model1_wav2vec2_vi,-0.0281,-2.984,
TQA_7_NAM_S0045_125,audio_data/private_test/TQA_7_NAM_S0045_125.wav,hàng đại bàng có chân vàng mỏ đỏ mỗi lần vỗ cánh lại phát ra những tiếng vi vu vi hút,model1_wav2vec2_vi,-0.044,-2.9907,
TQA_7_NAM_S0045_99,audio_data/private_test/TQA_7_NAM_S0045_99.wav,bóng tre rợp mặt đất,model1_wav2vec2_vi,-0.0289,-2.9453,
DNL_Nu_6_S0007_87,audio_data/private_test/DNL_Nu_6_S0007_87.wav,em hãy mem hãi thồi bón tới cát bong rúc thầy nhí,model1_wav2vec2_vi,-0.0695,-2.9757,
DNL_Nu_6_S0007_50,audio_data/private_test/DNL_Nu_6_S0007_50.wav,ngày đan chin ôi,model1_wav2vec2_vi,-0.0878,-2.9481,
TQA_7_NAM_S0045_126,audio_data/private_test/TQA_7_NAM_S0045_126.wav,tồ đồn các cậu nhét,model1_wav2vec2_vi,-0.0709,-2.9827,
DNL_Nu_6_S0007_9,audio_data/private_test/DNL_Nu_6_S0007_9.wav,nghe hạn nầm thì thầm nó phả hơi ấm xuống đất,model1_wav2vec2_vi,-0.0449,-2.9702,
TQA_7_NAM_S0045_135,audio_data/private_test/TQA_7_NAM_S0045_135.wav,ia ệnđại bàng trao lượn chân nền trời xanh thẳm,model1_wav2vec2_vi,-0.0431,-2.9631,
TQA_7_NAM_S0045_187,audio_data/private_test/TQA_7_NAM_S0045_187.wav,thảo ơi cậu trả lời giúp tớ câu hỏi này nhé,model1_wav2vec2_vi,-0.0154,-2.9944,
DNL_Nu_6_S0007_71,audio_data/private_test/DNL_Nu_6_S0007_71.wav,chính xác rồi đó,model1_wav2vec2_vi,-0.0181,-2.9638,
DNL_Nu_6_S0007_36,audio_data/private_test/DNL_Nu_6_S0007_36.wav,xim trả lời,model1_wav2vec2_vi,-0.0405,-2.9965,
TQA_7_NAM_S0045_280,audio_data/private_test/TQA_7_NAM_S0045_280.wav,mỗi năm bồ câu để nhiều lửa,model1_wav2vec2_vi,-0.0106,-3.0022,
TQA_7_NAM_S0045_191,audio_data/private_test/TQA_7_NAM_S0045_191.wav,bông cúc sống thoải mái bên bờ rào sữa đám cỏ dại,model1_wav2vec2_vi,-0.0264,-2.9717,
TQA_7_NAM_S0045_216,audio_data/private_test/TQA_7_NAM_S0045_216.wav,tớ và các cậu cùng đối nhau về tên của các loài chim nhé đườn thơi,model1_wav2vec2_vi,-0.028,-2.9901,
DNL_Nu_6_S0007_56,audio_data/private_test/DNL_Nu_6_S0007_56.wav,chìm không biết bai,model1_wav2vec2_vi,-0.0526,-3.0029,
DNL_Nu_6_S0007_34,audio_data/private_test/DNL_Nu_6_S0007_34.wav,đúng đây mà chơi,model1_wav2vec2_vi,-0.0889,-2.9559,
TQA_7_NAM_S0045_54,audio_data/private_test/TQA_7_NAM_S0045_54.wav,bê chim éo dẫn đường cho mùa xuân về,model1_wav2vec2_vi,-0.0439,-2.9844,
DNL_Nu_6_S0007_39,audio_data/private_test/DNL_Nu_6_S0007_39.wav,khi có lôi cánh,model1_wav2vec2_vi,-0.0685,-3.0002,
TQA_7_NAM_S0045_257,audio_data/private_test/TQA_7_NAM_S0045_257.wav,ồ chia rất lát,model1_wav2vec2_vi,-0.0525,-2.9768,
TQA_7_NAM_S0045_183,audio_data/private_test/TQA_7_NAM_S0045_183.wav,tội nghiệp con chim khi nó còn sống và ca hát,model1_wav2vec2_vi,-0.0141,-2.9815,
TQA_7_NAM_S0045_141,audio_data/private_test/TQA_7_NAM_S0045_141.wav,xe ven hồ những con chim cơ phúc hoắt lên lanh lảnh,model1_wav2vec2_vi,-0.0356,-2.98,
TQA_7_NAM_S0045_11,audio_data/private_test/TQA_7_NAM_S0045_11.wav,a đó là chim cố mèo ủcác câ ạn,model1_wav2vec2_vi,-0.0433,-2.9944,
TQA_7_NAM_S0045_281,audio_data/private_test/TQA_7_NAM_S0045_281.wav,mỗi lửa hai chứng,model1_wav2vec2_vi,-0.0581,-3.0034,
TQA_7_NAM_S0045_195,audio_data/private_test/TQA_7_NAM_S0045_195.wav,đó là tiếng hót của chim trở nên buồn thảm với,model1_wav2vec2_vi,-0.0394,-2.9891,
TQA_7_NAM_S0045_250,audio_data/private_test/TQA_7_NAM_S0045_250.wav,một chú bói cả,model1_wav2vec2_vi,-0.0163,-2.9812,
TQA_7_NAM_S0045_166,audio_data/private_test/TQA_7_NAM_S0045_166.wav,nhưng sáng hôm sau khi vừa sẽ cánh đón bình minh,model1_wav2vec2_vi,-0.0149,-2.9918,
TQA_7_NAM_S0045_207,audio_data/private_test/TQA_7_NAM_S0045_207.wav,sơn cá chết vì đói khác bông cúc cũng héo lả đi vì thương phoát cho chim,model1_wav2vec2_vi,-0.0269,-3.0011,
DNL_Nu_6_S0007_1,audio_data/private_test/DNL_Nu_6_S0007_1.wav,bây giờ chúng mình cũng là vài tiếp đi,model1_wav2vec2_vi,-0.0258,-2.9967,
TQA_7_NAM_S0045_229,audio_data/private_test/TQA_7_NAM_S0045_229.wav,chim gì có bộ lông đuôi rực rỡ sắc màu múa rắt đẹp,model1_wav2vec2_vi,-0.0222,-2.9832,
DNL_Nu_6_S0007_10,audio_data/private_test/DNL_Nu_6_S0007_10.wav,chỉ là một câi c đất nhau lêm,model1_wav2vec2_vi,-0.0817,-2.9804,
TQA_7_NAM_S0045_103,audio_data/private_test/TQA_7_NAM_S0045_103.wav,bầi thiên nga trắng mất đang bơi lội những con chim cơ búp mình đỏ chót và nhỏ như quả ớt cố rướn gặp mỏ thanh mảnh của mình,model1_wav2vec2_vi,-0.0241,-2.972,
DNL_Nu_6_S0007_79,audio_data/private_test/DNL_Nu_6_S0007_79.wav,báo rất lnxel bá leo chiền rất giỏi thc,model1_wav2vec2_vi,-0.1146,-2.9628,
TQA_7_NAM_S0045_57,audio_data/private_test/TQA_7_NAM_S0045_57.wav,đáp án của tớ là ý a đèn báo hiệu mùa xuân về,model1_wav2vec2_vi,-0.0234,-2.9631,
TQA_7_NAM_S0045_155,audio_data/private_test/TQA_7_NAM_S0045_155.wav,vì sao chim sẻ thường nhảy mà không đi,model1_wav2vec2_vi,-0.0124,-2.9964,
TQA_7_NAM_S0045_238,audio_data/private_test/TQA_7_NAM_S0045_238.wav,ết bài bờ che đón khách,model1_wav2vec2_vi,-0.0668,-2.9857,
TQA_7_NAM_S0045_174,audio_data/private_test/TQA_7_NAM_S0045_174.wav,lúc mỏ vặt đám cỏ dại ẩm ướt,model1_wav2vec2_vi,-0.0276,-2.9662,
TQA_7_NAM_S0045_73,audio_data/private_test/TQA_7_NAM_S0045_73.wav,tới cùng các cậu loại làm bài tập tiếp nhí,model1_wav2vec2_vi,-0.0237,-2.983,
TQA_7_NAM_S0045_275,audio_data/private_test/TQA_7_NAM_S0045_275.wav,hân ơi cậug trả lời đi,model1_wav2vec2_vi,-0.0557,-2.9897,
thanh_11_2,audio_data/private_test/thanh_11_2.wav,vấy cô gắng mểu cười thật từây,model1_wav2vec2_vi,-0.1385,-2.9536,
thanh_12_2,audio_data/private_test/thanh_12_2.wav,cặt vách có mởu phành rất đẹẹp,model1_wav2vec2_vi,-0.0556,-3.0087,
thanh_13_2,audio_data/private_test/thanh_13_2.wav,cản gập bé côn cốc nước có màu chắm dất đé,model1_wav2vec2_vi,-0.1364,-2.9286,
thanh_14_2,audio_data/private_test/thanh_14_2.wav,tôi là ca sĩ nồi kìa,model1_wav2vec2_vi,-0.0622,-2.9495,
thanh_15_2,audio_data/private_test/thanh_15_2.wav,tôi có một tôi muốn có một quyến trách,model1_wav2vec2_vi,-0.0538,-2.9792,
thanh_16_2,audio_data/private_test/thanh_16_2.wav,thiếc chối long thật chăm chị iừ,model1_wav2vec2_vi,-0.1136,-2.9937,
thanh_17_2,audio_data/private_test/thanh_17_2.wav,ạhoa xem có nì lấp hơm qua xen có mùa rắch hơn,model1_wav2vec2_vi,-0.1537,-2.96,
thanh_18_2,audio_data/private_test/thanh_18_2.wav,ay tổ lại sự hẻ làm gì,model1_wav2vec2_vi,-0.0975,-3.0175,
thanh_20_1,audio_data/private_test/thanh_20_1.wav,cái lỗi tế mẹ láu cây,model1_wav2vec2_vi,-0.0708,-2.9445,
thanh_22_3,audio_data/private_test/thanh_22_3.wav,bài học đầu tiên có một con,model1_wav2vec2_vi,-0.0949,-2.9518,
thanh_23_3,audio_data/private_test/thanh_23_3.wav,a là thừ sáu,model1_wav2vec2_vi,-0.0671,-2.9867,
thanh_24_3,audio_data/private_test/thanh_24_3.wav,tậysáu gờ,model1_wav2vec2_vi,-0.0982,-2.999,
thanh_25_4,audio_data/private_test/thanh_25_4.wav,trường củ cho em ăn cam ở thờu ăn,model1_wav2vec2_vi,-0.1088,-2.9788,
thanh_26_4,audio_data/private_test/thanh_26_4.wav,cách học vươi quá,model1_wav2vec2_vi,-0.0724,-2.9898,
thanh_27_4,audio_data/private_test/thanh_27_4.wav,quá hồi hoa mốn thân quá,model1_wav2vec2_vi,-0.1118,-2.9628,
thanh_28_4,audio_data/private_test/thanh_28_4.wav,ản khơn có phụ phai naan,model1_wav2vec2_vi,-0.0924,-2.9625,
thanh_29_5,audio_data/private_test/thanh_29_5.wav,một chin là rồi,model1_wav2vec2_vi,-0.0525,-2.9641,
thanh_31_4,audio_data/private_test/thanh_31_4.wav,cá hông man muối cá ơn,model1_wav2vec2_vi,-0.0573,-2.9966,
thanh_33_5,audio_data/private_test/thanh_33_5.wav,m mạc ở hày há mà,model1_wav2vec2_vi,-0.1347,-2.9811,
thanh_35_5,audio_data/private_test/thanh_35_5.wav,chớ sn t,model1_wav2vec2_vi,-0.1703,-3.0009,
thanh_36_5,audio_data/private_test/thanh_36_5.wav,t kồi dậu ôn cần mua tái vói,model1_wav2vec2_vi,-0.1307,-2.9801,
thanh_38_5,audio_data/private_test/thanh_38_5.wav,tat tra thờn tánh tháo,model1_wav2vec2_vi,-0.1909,-2.9682,
thanh_41_6,audio_data/private_test/thanh_41_6.wav,ế n bàn tron nn,model1_wav2vec2_vi,-0.2076,-2.9896,
thanh_42_6,audio_data/private_test/thanh_42_6.wav,nứa chờ,model1_wav2vec2_vi,-0.0698,-3.0245,
thanh_44_6,audio_data/private_test/thanh_44_6.wav,bác sĩ nan khánbạn,model1_wav2vec2_vi,-0.0968,-2.9415,
thanh_45_6,audio_data/private_test/thanh_45_6.wav,lam đang nau sản nhà,model1_wav2vec2_vi,-0.043,-2.9855,
thanh_47_6,audio_data/private_test/thanh_47_6.wav,đó tô trờ nời gài ta,model1_wav2vec2_vi,-0.1592,-2.9315,
thanh_4_1,audio_data/private_test/thanh_4_1.wav,động gì lạ lắm,model1_wav2vec2_vi,-0.0436,-2.989,
thanh_50_6,audio_data/private_test/thanh_50_6.wav,không crờ lạc,model1_wav2vec2_vi,-0.1394,-3.0003,
thanh_53_7,audio_data/private_test/thanh_53_7.wav,nua xet nan như bây,model1_wav2vec2_vi,-0.0995,-2.9811,
thanh_59,audio_data/private_test/thanh_59.wav,cánh giá trồn may mên,model1_wav2vec2_vi,-0.1083,-2.9903,
thanh_61_8,audio_data/private_test/thanh_61_8.wav,con,model1_wav2vec2_vi,-0.1182,-2.949,
thanh_62_8,audio_data/private_test/thanh_62_8.wav,mẹ yêu co,model1_wav2vec2_vi,-0.0754,-2.9516,
thanh_63_8,audio_data/private_test/thanh_63_8.wav,thẳn ớt nư qê hươn nà,model1_wav2vec2_vi,-0.1794,-2.9646,
thanh_64_8,audio_data/private_test/thanh_64_8.wav,cơm mơ gọc hổ đến,model1_wav2vec2_vi,-0.0763,-2.9601,
thanh_65_8,audio_data/private_test/thanh_65_8.wav,trời nà cả nộ,model1_wav2vec2_vi,-0.1599,-2.948,
thanh_66_8,audio_data/private_test/thanh_66_8.wav,nó cên m tư,model1_wav2vec2_vi,-0.1816,-2.9898,
thanh_68_8,audio_data/private_test/thanh_68_8.wav,tên bạn nói gì,model1_wav2vec2_vi,-0.0797,-2.9775,
thanh_69_8,audio_data/private_test/thanh_69_8.wav,còn ung tùm t,model1_wav2vec2_vi,-0.1166,-2.9948,
thanh_6_1,audio_data/private_test/thanh_6_1.wav,nô  tô,model1_wav2vec2_vi,-0.0828,-2.9828,
thanh_70_8,audio_data/private_test/thanh_70_8.wav,ông chúa bay lịc tổ ộ,model1_wav2vec2_vi,-0.1089,-2.9488,
thanh_71_9,audio_data/private_test/thanh_71_9.wav,kế thư là chú kế ngọt,model1_wav2vec2_vi,-0.1352,-2.9343,
thanh_72_9,audio_data/private_test/thanh_72_9.wav,chày một thương mắt nờa lạ,model1_wav2vec2_vi,-0.161,-2.9693,
thanh_73_9,audio_data/private_test/thanh_73_9.wav,cho ơn khai quá,model1_wav2vec2_vi,-0.0469,-3.0058,
thanh_75_9,audio_data/private_test/thanh_75_9.wav,an bè con man mán ăn cơm,model1_wav2vec2_vi,-0.0919,-2.8995,
thanh_76_9,audio_data/private_test/thanh_76_9.wav,mày xan tín nơ,model1_wav2vec2_vi,-0.1197,-2.9389,
thanh_78_9,audio_data/private_test/thanh_78_9.wav,bàn nhỏ thải gào tron cánh đồng,model1_wav2vec2_vi,-0.1221,-2.9663,
thanh_79_9,audio_data/private_test/thanh_79_9.wav,khẳng con năm bay ca xông,model1_wav2vec2_vi,-0.0774,-2.9528,
thanh_7_1,audio_data/private_test/thanh_7_1.wav,ăn cơm,model1_wav2vec2_vi,-0.0242,-2.9884,
thanh_81_9,audio_data/private_test/thanh_81_9.wav,cho rửa ra bẹt,model1_wav2vec2_vi,-0.107,-2.9447,
thanh_82_9,audio_data/private_test/thanh_82_9.wav,thảo co nhìn cáo,model1_wav2vec2_vi,-0.0319,-2.9891,
thanh_84_9,audio_data/private_test/thanh_84_9.wav,bé cặt đàu,model1_wav2vec2_vi,-0.0457,-3.0114,
thanh_85_9,audio_data/private_test/thanh_85_9.wav,tôi phép tệ tren xương,model1_wav2vec2_vi,-0.0934,-2.9435,
thanh_86_9,audio_data/private_test/thanh_86_9.wav,bừng về kha rát sau mơn,model1_wav2vec2_vi,-0.1175,-2.9884,
thanh_87_9,audio_data/private_test/thanh_87_9.wav,tôi nmạn thơn ăn hai tôi,model1_wav2vec2_vi,-0.0852,-2.9534,
thanh_88_10,audio_data/private_test/thanh_88_10.wav,em ki ôi nhà m em,model1_wav2vec2_vi,-0.1365,-2.9664,
thanh_89_10,audio_data/private_test/thanh_89_10.wav,em  vặc làm chị,model1_wav2vec2_vi,-0.1629,-3.004,
thanh_90_10,audio_data/private_test/thanh_90_10.wav,đồ này ống rồi,model1_wav2vec2_vi,-0.0974,-3.0265,
thanh_91_10,audio_data/private_test/thanh_91_10.wav,ông ơa hông có phụ dơng,model1_wav2vec2_vi,-0.0977,-2.9993,
thanh_93_10,audio_data/private_test/thanh_93_10.wav,nến mạnh giúp con chuởng bị nh,model1_wav2vec2_vi,-0.1254,-2.9648,
thanh_95_10,audio_data/private_test/thanh_95_10.wav,sán làn dòng thượng vừn cai,model1_wav2vec2_vi,-0.1342,-2.9801,
thanh_96_10,audio_data/private_test/thanh_96_10.wav,trang chưâng thủ hề l ảm,model1_wav2vec2_vi,-0.1224,-2.9939,
thanh_98_10,audio_data/private_test/thanh_98_10.wav,vcquay trở người tc s,model1_wav2vec2_vi,-0.1631,-3.0228,
thanh_99_10,audio_data/private_test/thanh_99_10.wav,vường cây tăm trồi nả lọc,model1_wav2vec2_vi,-0.0937,-2.9455,
tu_101_8,audio_data/private_test/tu_101_8.wav,phất tích hoa hồng,model1_wav2vec2_vi,-0.0879,-3.0018,
tu_104_8,audio_data/private_test/tu_104_8.wav,en vế một cô tiền,model1_wav2vec2_vi,-0.1242,-2.9972,
tu_105_8,audio_data/private_test/tu_105_8.wav,bố mẹ cho bé em về quê,model1_wav2vec2_vi,-0.0406,-3.0028,
tu_107_6,audio_data/private_test/tu_107_6.wav,dạ rớp nhữ bài,model1_wav2vec2_vi,-0.0651,-2.9959,
tu_108_6,audio_data/private_test/tu_108_6.wav,thằn là tuyet,model1_wav2vec2_vi,-0.085,-3.0018,
tu_109_6,audio_data/private_test/tu_109_6.wav,cánh doa nhỏ như vậy cá,model1_wav2vec2_vi,-0.0399,-2.9913,
tu_110_6,audio_data/private_test/tu_110_6.wav,trời đang dan lại,model1_wav2vec2_vi,-0.0532,-3.0018,
tu_112_6,audio_data/private_test/tu_112_6.wav,thương chin sinh ra một cách điện kháp,model1_wav2vec2_vi,-0.1188,-2.9895,
tu_116_6,audio_data/private_test/tu_116_6.wav,mấy con ngựa đang ăn có,model1_wav2vec2_vi,-0.0298,-2.9725,
tu_118_6,audio_data/private_test/tu_118_6.wav,đữa trẻ chì mồt sáu thủ ấy,model1_wav2vec2_vi,-0.1136,-3.011,
tu_119_6,audio_data/private_test/tu_119_6.wav,mặt thết sáng người,model1_wav2vec2_vi,-0.093,-2.9783,
tu_11_2,audio_data/private_test/tu_11_2.wav,cô giáo mìn cười thặt tơi,model1_wav2vec2_vi,-0.0982,-3.0038,
tu_121_5,audio_data/private_test/tu_121_5.wav,xe cấp cứu,model1_wav2vec2_vi,-0.0116,-3.0116,
tu_122_5,audio_data/private_test/tu_122_5.wav,em tì nìn ba bớc cảm thất,model1_wav2vec2_vi,-0.1643,-2.9887,
tu_123_5,audio_data/private_test/tu_123_5.wav,cô lão thịt vàn hề ý,model1_wav2vec2_vi,-0.1494,-3.0079,
tu_124_5,audio_data/private_test/tu_124_5.wav,gõi bùa tôn bắt trần về,model1_wav2vec2_vi,-0.0924,-2.9992,
tu_125_5,audio_data/private_test/tu_125_5.wav,ngày của thẳng ngâm,model1_wav2vec2_vi,-0.0532,-2.9954,
tu_128_5,audio_data/private_test/tu_128_5.wav,nững ước mưa cao đẹp,model1_wav2vec2_vi,-0.0799,-3.0058,
tu_12_2,audio_data/private_test/tu_12_2.wav,tanh ên cập sắch có màu xanh rất đẹp,model1_wav2vec2_vi,-0.0779,-2.9922,
tu_130_5,audio_data/private_test/tu_130_5.wav,con cổ bông niệp quá,model1_wav2vec2_vi,-0.0557,-3.0166,
tu_132_5,audio_data/private_test/tu_132_5.wav,bà mua cam cho bé,model1_wav2vec2_vi,-0.0149,-3.0075,
tu_133_12,audio_data/private_test/tu_133_12.wav,mộn năm mới,model1_wav2vec2_vi,-0.0571,-3.0148,
tu_137_12,audio_data/private_test/tu_137_12.wav,c bé đi chơ,model1_wav2vec2_vi,-0.0689,-3.0051,
tu_141_4,audio_data/private_test/tu_141_4.wav,trận tí bát biều tình,model1_wav2vec2_vi,-0.093,-2.9639,
tu_142_4,audio_data/private_test/tu_142_4.wav,vườn chưa vỏ mát,model1_wav2vec2_vi,-0.0313,-3.0078,
tu_144_4,audio_data/private_test/tu_144_4.wav,em vất kỳ mẹn cô,model1_wav2vec2_vi,-0.0561,-3.0065,
tu_145_4,audio_data/private_test/tu_145_4.wav,máy tậm vết,model1_wav2vec2_vi,-0.0868,-2.9761,
tu_146_4,audio_data/private_test/tu_146_4.wav,hơn cá gà kín,model1_wav2vec2_vi,-0.0987,-2.9899,
tu_147_4,audio_data/private_test/tu_147_4.wav,mũ tông lạnh quá,model1_wav2vec2_vi,-0.0309,-2.9882,
tu_148_4,audio_data/private_test/tu_148_4.wav,nhiệm can tnhà à ũ cá thinh cảnh,model1_wav2vec2_vi,-0.1951,-2.9589,
tu_149_4,audio_data/private_test/tu_149_4.wav,nhìn đám mây màu hồng,model1_wav2vec2_vi,-0.0413,-2.9839,
tu_14_2,audio_data/private_test/tu_14_2.wav,tôi là ca sĩ nổi tiếng,model1_wav2vec2_vi,-0.0141,-3.0359,
tu_150_4,audio_data/private_test/tu_150_4.wav,ông en từng gây tại trước tân,model1_wav2vec2_vi,-0.0484,-2.9844,
tu_16_2,audio_data/private_test/tu_16_2.wav,n ông thật và thong chì,model1_wav2vec2_vi,-0.0925,-3.0228,
tu_17_2,audio_data/private_test/tu_17_2.wav,ha sen có mua dất thơm,model1_wav2vec2_vi,-0.0844,-3.0258,
tu_18_2,audio_data/private_test/tu_18_2.wav,hãy thủ loại nà không lần gì,model1_wav2vec2_vi,-0.1288,-3.0234,
tu_19_2,audio_data/private_test/tu_19_2.wav,bê siêu nganh gồ bông,model1_wav2vec2_vi,-0.1187,-3.0066,
tu_20_2,audio_data/private_test/tu_20_2.wav,ăn nồi để mẹ nấu con,model1_wav2vec2_vi,-0.1028,-3.0089,
tu_21_3,audio_data/private_test/tu_21_3.wav,đi chậm nuôi rùa ái,model1_wav2vec2_vi,-0.0583,-2.9995,
tu_22_3,audio_data/private_test/tu_22_3.wav,cặp đầu tiên của cậu còn,model1_wav2vec2_vi,-0.0376,-3.0113,
tu_23_3,audio_data/private_test/tu_23_3.wav,đây là thường sảo,model1_wav2vec2_vi,-0.0386,-2.9717,
tu_24_3,audio_data/private_test/tu_24_3.wav,nữn thức dậy từ sáu giờ,model1_wav2vec2_vi,-0.1016,-2.9971,
tu_25_3,audio_data/private_test/tu_25_3.wav,buổi trườc em ancom ở trường,model1_wav2vec2_vi,-0.1146,-2.9993,
tu_27_3,audio_data/private_test/tu_27_3.wav,nưng khoa lướng thơm xá,model1_wav2vec2_vi,-0.1106,-3.0142,
tu_29_3,audio_data/private_test/tu_29_3.wav,một chiếc lá rơi,model1_wav2vec2_vi,-0.0199,-3.0103,
tu_30_3,audio_data/private_test/tu_30_3.wav,nêm sâu gờo thẻ,model1_wav2vec2_vi,-0.0902,-2.9738,
tu_31_1,audio_data/private_test/tu_31_1.wav,trã khống phan ngồi cả ơn an,model1_wav2vec2_vi,-0.1297,-3.0042,
tu_33_1,audio_data/private_test/tu_33_1.wav,mà có khỏe không ai,model1_wav2vec2_vi,-0.0733,-2.9938,
tu_35_1,audio_data/private_test/tu_35_1.wav,ân cuầng phong,model1_wav2vec2_vi,-0.1397,-3.0153,
tu_36_1,audio_data/private_test/tu_36_1.wav,con cảm ơn đác voi,model1_wav2vec2_vi,-0.0333,-3.0071,
tu_37_1,audio_data/private_test/tu_37_1.wav,hùng biển cả,model1_wav2vec2_vi,-0.0819,-2.9718,
tu_37_12,audio_data/private_test/tu_37_12.wav,ănmiền cả,model1_wav2vec2_vi,-0.0979,-2.987,
tu_38_1,audio_data/private_test/tu_38_1.wav,ta quền hải tảo,model1_wav2vec2_vi,-0.0499,-2.9959,
tu_38_12,audio_data/private_test/tu_38_12.wav,nà bốn hái táo,model1_wav2vec2_vi,-0.0741,-2.9698,
tu_39_1,audio_data/private_test/tu_39_1.wav,con mưng táo mời bố mẹ,model1_wav2vec2_vi,-0.0377,-2.989,
tu_40_1,audio_data/private_test/tu_40_1.wav,làg người phụ nữ hền diu,model1_wav2vec2_vi,-0.0823,-3.0009,
tu_41_12,audio_data/private_test/tu_41_12.wav,em bé ăn nằng,model1_wav2vec2_vi,-0.0641,-3.0185,
tu_44_11,audio_data/private_test/tu_44_11.wav,phát chiển chan hại bạn,model1_wav2vec2_vi,-0.1484,-2.9846,
tu_46_11,audio_data/private_test/tu_46_11.wav,ôn đin máy bay,model1_wav2vec2_vi,-0.1141,-2.9833,
tu_49_11,audio_data/private_test/tu_49_11.wav,nữn mết bay,model1_wav2vec2_vi,-0.1472,-2.9977,
tu_50_11,audio_data/private_test/tu_50_11.wav,không như thể hàn cả,model1_wav2vec2_vi,-0.1276,-2.9693,
tu_51_11,audio_data/private_test/tu_51_11.wav,gì đừng hà á,model1_wav2vec2_vi,-0.1743,-2.9801,
tu_52_11,audio_data/private_test/tu_52_11.wav,những ái gát tẻ em,model1_wav2vec2_vi,-0.1334,-3.0057,
tu_53_11,audio_data/private_test/tu_53_11.wav,n như vậy,model1_wav2vec2_vi,-0.1472,-2.9826,
tu_54_11,audio_data/private_test/tu_54_11.wav,tan nan rất dịt chịu ạ,model1_wav2vec2_vi,-0.1573,-2.9992,
tu_55_11,audio_data/private_test/tu_55_11.wav,gả thàn,model1_wav2vec2_vi,-0.1801,-2.9796,
tu_56_10,audio_data/private_test/tu_56_10.wav,bầu chớ xanh thăn,model1_wav2vec2_vi,-0.0998,-3.0358,
tu_57_10,audio_data/private_test/tu_57_10.wav,tôi đem mạnh dáy cho người mẹn,model1_wav2vec2_vi,-0.1127,-2.996,
tu_58_10,audio_data/private_test/tu_58_10.wav,tông xin và cân nệ,model1_wav2vec2_vi,-0.1304,-3.0251,
tu_59_10,audio_data/private_test/tu_59_10.wav,anh gá thứng bay n,model1_wav2vec2_vi,-0.1082,-3.0216,
tu_60_10,audio_data/private_test/tu_60_10.wav,để đưa mắt nhìn quanh,model1_wav2vec2_vi,-0.0663,-2.9959,
tu_61_10,audio_data/private_test/tu_61_10.wav,crước con ngủ,model1_wav2vec2_vi,-0.0695,-2.9924,
tu_62_10,audio_data/private_test/tu_62_10.wav,mẹ yêu con,model1_wav2vec2_vi,-0.015,-3.0144,
tu_63_10,audio_data/private_test/tu_63_10.wav,thản rất yêu quê hơng mình,model1_wav2vec2_vi,-0.1217,-2.9963,
tu_64_10,audio_data/private_test/tu_64_10.wav,cân mưa già céo đế,model1_wav2vec2_vi,-0.0789,-2.9854,
tu_65_10,audio_data/private_test/tu_65_10.wav,trờ ngày càng mạn hơn,model1_wav2vec2_vi,-0.0702,-2.9968,
tu_66_10,audio_data/private_test/tu_66_10.wav,lá tay mới thu,model1_wav2vec2_vi,-0.0831,-2.9927,
tu_67_10,audio_data/private_test/tu_67_10.wav,vân vô cùng ngạc nhiên,model1_wav2vec2_vi,-0.0494,-3.0295,
tu_68_10,audio_data/private_test/tu_68_10.wav,tên bạn là gì,model1_wav2vec2_vi,-0.0262,-2.9777,
tu_69_10,audio_data/private_test/tu_69_10.wav,nay cóu um tùm,model1_wav2vec2_vi,-0.1036,-3.0022,
tu_70_10,audio_data/private_test/tu_70_10.wav,ông chú bay vì tổ,model1_wav2vec2_vi,-0.0432,-2.9779,
tu_71_9,audio_data/private_test/tu_71_9.wav,têy hương là trùng khée ngọt,model1_wav2vec2_vi,-0.0951,-2.9897,
tu_72_9,audio_data/private_test/tu_72_9.wav,nời mừa thu mắt mẹ,model1_wav2vec2_vi,-0.0843,-2.9699,
tu_73_9,audio_data/private_test/tu_73_9.wav,a ô hay quá,model1_wav2vec2_vi,-0.0483,-2.9737,
tu_74_9,audio_data/private_test/tu_74_9.wav,thật na tên xên,model1_wav2vec2_vi,-0.1253,-3.0068,
tu_75_9,audio_data/private_test/tu_75_9.wav,bẹ lan văn hóa ăn tơm,model1_wav2vec2_vi,-0.0914,-2.946,
tu_76_9,audio_data/private_test/tu_76_9.wav,bơi sáng kin nơ,model1_wav2vec2_vi,-0.0867,-2.9809,
tu_77_9,audio_data/private_test/tu_77_9.wav,ki vào tham hồàn hoa,model1_wav2vec2_vi,-0.0664,-3.0103,
tu_78_9,audio_data/private_test/tu_78_9.wav,á hạn nhỏ thả riều trên cánh đồng,model1_wav2vec2_vi,-0.0588,-2.9914,
tu_79_9,audio_data/private_test/tu_79_9.wav,nén con đang may qua sâu,model1_wav2vec2_vi,-0.0795,-2.994,
tu_80_9,audio_data/private_test/tu_80_9.wav,thôi còn xanh lắm,model1_wav2vec2_vi,-0.0339,-2.9739,
tu_81_9,audio_data/private_test/tu_81_9.wav,một chất lược rất đẹp,model1_wav2vec2_vi,-0.0422,-2.982,
tu_82_9,audio_data/private_test/tu_82_9.wav,có nghiêm cáo,model1_wav2vec2_vi,-0.0769,-2.9848,
tu_83_8,audio_data/private_test/tu_83_8.wav,các bạn có quên dới mề àn ông,model1_wav2vec2_vi,-0.044,-3.0336,
tu_84_8,audio_data/private_test/tu_84_8.wav,bé tục lộc,model1_wav2vec2_vi,-0.018,-2.9516,
tu_85_8,audio_data/private_test/tu_85_8.wav,tôi chẳn qết cơi luơn,model1_wav2vec2_vi,-0.1422,-2.9777,
tu_86_8,audio_data/private_test/tu_86_8.wav,đường dầy so lắt sa lơ,model1_wav2vec2_vi,-0.1192,-2.991,
tu_87_8,audio_data/private_test/tu_87_8.wav,tôi đến hai thanh ai tôi,model1_wav2vec2_vi,-0.0357,-2.9719,
tu_88_8,audio_data/private_test/tu_88_8.wav,m yêu nuôi nhà kủa em,model1_wav2vec2_vi,-0.0908,-2.9933,
tu_89_7,audio_data/private_test/tu_89_7.wav,tìm tim,model1_wav2vec2_vi,-0.0704,-2.9879,
tu_90_7,audio_data/private_test/tu_90_7.wav,nghe đến rồi,model1_wav2vec2_vi,-0.0255,-3.0193,
tu_91_7,audio_data/private_test/tu_91_7.wav,quê ông ông đó vẻ hông,model1_wav2vec2_vi,-0.0947,-2.9657,
tu_92_7,audio_data/private_test/tu_92_7.wav,lúc đó tôi đồ vua,model1_wav2vec2_vi,-0.0471,-2.9864,
tu_93_7,audio_data/private_test/tu_93_7.wav,bố vé thưốc tơm độc vịn nhé,model1_wav2vec2_vi,-0.1199,-3.0141,
tu_94_7,audio_data/private_test/tu_94_7.wav,dung vương dượng nhà tẹm,model1_wav2vec2_vi,-0.0944,-3.0199,
tu_96_7,audio_data/private_test/tu_96_7.wav,đù he nómg,model1_wav2vec2_vi,-0.1007,-2.9957,
tu_97_7,audio_data/private_test/tu_97_7.wav,èn tông đèn nông bằng ấm nóng,model1_wav2vec2_vi,-0.1296,-2.9978,
tu_98_7,audio_data/private_test/tu_98_7.wav,chứ ở rài bầu,model1_wav2vec2_vi,-0.0661,-3.0155,
tu_99_7,audio_data/private_test/tu_99_7.wav,vừa vờn tay rông rườn đảnh lọng,model1_wav2vec2_vi,-0.1199,-2.9945,
dong_100_11,audio_data/private_test/dong_100_11.wav,những loạt xương đồng nanh,model1_wav2vec2_vi,-0.0971,-3.0002,
dong_101_11,audio_data/private_test/dong_101_11.wav,rất thích hoa hầu,model1_wav2vec2_vi,-0.0431,-3.0,
dong_102_11,audio_data/private_test/dong_102_11.wav,gúp chốc thảm màu cam,model1_wav2vec2_vi,-0.0837,-2.9882,
dong_103_11,audio_data/private_test/dong_103_11.wav,i la đang não lậc cô gái,model1_wav2vec2_vi,-0.0889,-2.9435,
dong_104_11,audio_data/private_test/dong_104_11.wav,em vẻ một cô tiên,model1_wav2vec2_vi,-0.0883,-2.9623,
dong_105_11,audio_data/private_test/dong_105_11.wav,bố mẹ cho về bổ  bố mẹ trè em vẻ ngày quên,model1_wav2vec2_vi,-0.0732,-2.9884,
dong_107_12,audio_data/private_test/dong_107_12.wav,ngờ sấc thớn và,model1_wav2vec2_vi,-0.0973,-3.0036,
dong_109_12,audio_data/private_test/dong_109_12.wav,phải coi gần như vậy tả,model1_wav2vec2_vi,-0.0416,-2.9836,
dong_10_2,audio_data/private_test/dong_10_2.wav,hình cháo cô bó,model1_wav2vec2_vi,-0.0843,-3.0163,
dong_110_12,audio_data/private_test/dong_110_12.wav,thời gian chức năng,model1_wav2vec2_vi,-0.0462,-2.9817,
dong_111_14,audio_data/private_test/dong_111_14.wav,đù tôi tưởng t thể liễn,model1_wav2vec2_vi,-0.1951,-2.9668,
dong_112_14,audio_data/private_test/dong_112_14.wav,bố chím trâng nan chíc tình phúc,model1_wav2vec2_vi,-0.1438,-2.9721,
dong_113_14,audio_data/private_test/dong_113_14.wav,buổi chiều bùa hẹ thật tân nyêu,model1_wav2vec2_vi,-0.0651,-2.9934,
dong_114_14,audio_data/private_test/dong_114_14.wav,èo kéo qa cửa sổ,model1_wav2vec2_vi,-0.1386,-2.982,
dong_115_14,audio_data/private_test/dong_115_14.wav,đều lộa bông vất điêng đánh hủa nưa ngộ,model1_wav2vec2_vi,-0.0795,-2.9535,
dong_116_13,audio_data/private_test/dong_116_13.wav,mà n ln th an,model1_wav2vec2_vi,-0.2287,-3.0163,
dong_117_13,audio_data/private_test/dong_117_13.wav,tai chán cho cả nhà ồ,model1_wav2vec2_vi,-0.1651,-2.9514,
dong_118_13,audio_data/private_test/dong_118_13.wav,đứ trẻ sẽ khá tử,model1_wav2vec2_vi,-0.1019,-2.9627,
dong_119_13,audio_data/private_test/dong_119_13.wav,mẹ sáng nhờ,model1_wav2vec2_vi,-0.1121,-2.9134,
dong_11_3,audio_data/private_test/dong_11_3.wav,nờ à càn thật ta,model1_wav2vec2_vi,-0.2132,-2.9564,
dong_120_13,audio_data/private_test/dong_120_13.wav,tôi chú mờ độu rồ,model1_wav2vec2_vi,-0.1321,-2.9577,
dong_121_13,audio_data/private_test/dong_121_13.wav,sẽ kết chiểu,model1_wav2vec2_vi,-0.0604,-2.9841,
dong_122_13,audio_data/private_test/dong_122_13.wav,ên nớ vươn các thận cảm thận,model1_wav2vec2_vi,-0.0986,-2.9471,
dong_123_13,audio_data/private_test/dong_123_13.wav,nời gán trận thành mùng ýn,model1_wav2vec2_vi,-0.1378,-2.9849,
dong_124_13,audio_data/private_test/dong_124_13.wav,sáu nược đật chất đàn,model1_wav2vec2_vi,-0.0979,-2.9422,
dong_125_13,audio_data/private_test/dong_125_13.wav,đánh cối thái lan ủa,model1_wav2vec2_vi,-0.1597,-3.0434,
dong_126_14,audio_data/private_test/dong_126_14.wav,hình tây bà rứt và ống chón,model1_wav2vec2_vi,-0.0943,-2.976,
dong_127_14,audio_data/private_test/dong_127_14.wav,san lần xia đè,model1_wav2vec2_vi,-0.1326,-2.9507,
dong_128_14,audio_data/private_test/dong_128_14.wav,ốn đức mưa tao đẹt,model1_wav2vec2_vi,-0.1489,-2.9432,
dong_129_14,audio_data/private_test/dong_129_14.wav,em thích xa man nhất,model1_wav2vec2_vi,-0.1249,-2.944,
dong_12_3,audio_data/private_test/dong_12_3.wav,cặc sác có màu xay rất đẹp,model1_wav2vec2_vi,-0.0833,-2.9736,
dong_130_14,audio_data/private_test/dong_130_14.wav,ầu tâng đẹp của hát,model1_wav2vec2_vi,-0.1462,-2.9573,
dong_131_14,audio_data/private_test/dong_131_14.wav,ót học đạp ca mắt,model1_wav2vec2_vi,-0.0645,-2.927,
dong_132_14,audio_data/private_test/dong_132_14.wav,c cho bé,model1_wav2vec2_vi,-0.1444,-2.9597,
dong_133_14,audio_data/private_test/dong_133_14.wav,ới,model1_wav2vec2_vi,-0.0793,-3.0038,
dong_134_14,audio_data/private_test/dong_134_14.wav,tìm về quê thâm mân bà,model1_wav2vec2_vi,-0.0463,-2.9558,
dong_135_14,audio_data/private_test/dong_135_14.wav,ù crưa có mát,model1_wav2vec2_vi,-0.1629,-2.956,
dong_13_3,audio_data/private_test/dong_13_3.wav,vốt nhất tở đên lực chẳn n rất tc tục,model1_wav2vec2_vi,-0.25,-2.9901,
dong_14_3,audio_data/private_test/dong_14_3.wav,tôi là ca sĩ lồng n tiếnấn,model1_wav2vec2_vi,-0.1288,-2.9856,
dong_15_3,audio_data/private_test/dong_15_3.wav,tôi nớn có một hướng dận,model1_wav2vec2_vi,-0.0802,-2.933,
dong_16_3,audio_data/private_test/dong_16_3.wav,con ông thật là trăm chểu,model1_wav2vec2_vi,-0.1286,-2.9792,
dong_17_3,audio_data/private_test/dong_17_3.wav,an không bù rấp tơm,model1_wav2vec2_vi,-0.1448,-2.9931,
dong_18_3,audio_data/private_test/dong_18_3.wav,ấy tổ ở lại hằng tùng để làm một gì,model1_wav2vec2_vi,-0.1647,-2.9696,
dong_19_3,audio_data/private_test/dong_19_3.wav,sơu nin gợi bông,model1_wav2vec2_vi,-0.1031,-2.9507,
dong_1_1,audio_data/private_test/dong_1_1.wav,làn gì đấy,model1_wav2vec2_vi,-0.0924,-2.9748,
dong_20_3,audio_data/private_test/dong_20_3.wav,tái nồi mẹ nhờ tay,model1_wav2vec2_vi,-0.0732,-2.9753,
dong_23_4,audio_data/private_test/dong_23_4.wav,ư ay là sưu sao,model1_wav2vec2_vi,-0.0631,-2.9874,
dong_24_4,audio_data/private_test/dong_24_4.wav,tì sờn sáu chờ,model1_wav2vec2_vi,-0.1285,-3.019,
dong_25_4,audio_data/private_test/dong_25_4.wav,trường hồi trượng em ban ân gần ở trườn,model1_wav2vec2_vi,-0.1214,-2.969,
dong_26_5,audio_data/private_test/dong_26_5.wav,vưa quá,model1_wav2vec2_vi,-0.0219,-2.9824,
dong_27_5,audio_data/private_test/dong_27_5.wav,ức thư qu,model1_wav2vec2_vi,-0.1114,-2.9898,
dong_28_5,audio_data/private_test/dong_28_5.wav,kôn cáo củ hai van,model1_wav2vec2_vi,-0.1298,-2.9557,
dong_29_5,audio_data/private_test/dong_29_5.wav,đội chê lá rời,model1_wav2vec2_vi,-0.0865,-2.9829,
dong_2_1,audio_data/private_test/dong_2_1.wav,bơ cúc cắm nắng mặt trời,model1_wav2vec2_vi,-0.0476,-2.9757,
dong_30_5,audio_data/private_test/dong_30_5.wav,tôi nhờn hế,model1_wav2vec2_vi,-0.0928,-2.9457,
dong_31_5,audio_data/private_test/dong_31_5.wav,cá không ai mở cá lơn,model1_wav2vec2_vi,-0.0736,-2.9756,
dong_32_5,audio_data/private_test/dong_32_5.wav,tợt đểu quê mt nhà,model1_wav2vec2_vi,-0.15,-2.9489,
dong_33_5,audio_data/private_test/dong_33_5.wav,bà có khỏ khôu ớ ạn,model1_wav2vec2_vi,-0.2136,-2.916,
dong_34_5,audio_data/private_test/dong_34_5.wav,ấy ê,model1_wav2vec2_vi,-0.0881,-3.0122,
dong_35_5,audio_data/private_test/dong_35_5.wav,tô dây cuồn xăm,model1_wav2vec2_vi,-0.1453,-2.9615,
dong_36_6,audio_data/private_test/dong_36_6.wav,gẫu con cảm ơn bắc von,model1_wav2vec2_vi,-0.1269,-2.9744,
dong_37_6,audio_data/private_test/dong_37_6.wav,nưn viền  cà,model1_wav2vec2_vi,-0.2031,-2.9381,
dong_38_6,audio_data/private_test/dong_38_6.wav,con da vườn hải cảo,model1_wav2vec2_vi,-0.0593,-2.9481,
dong_39_6,audio_data/private_test/dong_39_6.wav,củ con vương tọn mời bộ mẹ,model1_wav2vec2_vi,-0.0736,-2.9309,
dong_3_1,audio_data/private_test/dong_3_1.wav,với thiêng niêm thật đẹp,model1_wav2vec2_vi,-0.0734,-2.9896,
dong_40_6,audio_data/private_test/dong_40_6.wav,mẹ và người phù nước tền dịu,model1_wav2vec2_vi,-0.0751,-2.9398,
dong_41_6,audio_data/private_test/dong_41_6.wav,bé rấn nôn nệ,model1_wav2vec2_vi,-0.1583,-2.9206,
dong_42_6,audio_data/private_test/dong_42_6.wav,chồng nư trệ chều nưa,model1_wav2vec2_vi,-0.147,-2.9574,
dong_43_6,audio_data/private_test/dong_43_6.wav,ônngon,model1_wav2vec2_vi,-0.1032,-2.9769,
dong_44_6,audio_data/private_test/dong_44_6.wav,ng không bại nế,model1_wav2vec2_vi,-0.2409,-2.9027,
dong_45_6,audio_data/private_test/dong_45_6.wav,mẹ đăng lâu xàn nhà,model1_wav2vec2_vi,-0.0483,-2.9361,
dong_46_7,audio_data/private_test/dong_46_7.wav,nững cên trên bán tay,model1_wav2vec2_vi,-0.0549,-2.939,
dong_47_7,audio_data/private_test/dong_47_7.wav,trơi nổi giáo to,model1_wav2vec2_vi,-0.0765,-2.9486,
dong_48_7,audio_data/private_test/dong_48_7.wav,cây liễu không ngừng lắc nưa,model1_wav2vec2_vi,-0.0548,-2.9783,
dong_49_7,audio_data/private_test/dong_49_7.wav,ố thết bay  k,model1_wav2vec2_vi,-0.2342,-3.0058,
dong_4_1,audio_data/private_test/dong_4_1.wav,nhếng động dì đạ lắm,model1_wav2vec2_vi,-0.0773,-2.988,
dong_50_7,audio_data/private_test/dong_50_7.wav,nay trời lệnh quá,model1_wav2vec2_vi,-0.0574,-2.9775,
dong_51_7,audio_data/private_test/dong_51_7.wav,ngủ làm gì cú sợ lẻo,model1_wav2vec2_vi,-0.0609,-2.9894,
dong_52_7,audio_data/private_test/dong_52_7.wav,tiếp tóc cho em,model1_wav2vec2_vi,-0.0441,-2.9781,
dong_53_7,audio_data/private_test/dong_53_7.wav,phi nhanh như bày,model1_wav2vec2_vi,-0.0614,-2.98,
dong_54_7,audio_data/private_test/dong_54_7.wav,sẽ có thởng,model1_wav2vec2_vi,-0.0364,-2.9619,
dong_55_7,audio_data/private_test/dong_55_7.wav,chiếc dễ đa tròn,model1_wav2vec2_vi,-0.044,-3.0128,
dong_56_7,audio_data/private_test/dong_56_7.wav,bầu trời xanh thăm khảo,model1_wav2vec2_vi,-0.0404,-3.0365,
dong_57_7,audio_data/private_test/dong_57_7.wav,tôi đưa mạnh mảnh gấy cho người mẹ,model1_wav2vec2_vi,-0.0371,-2.9379,
dong_58_7,audio_data/private_test/dong_58_7.wav,ung xem và câu mày,model1_wav2vec2_vi,-0.0415,-2.9997,
dong_59_7,audio_data/private_test/dong_59_7.wav,nhà trứng bay lên,model1_wav2vec2_vi,-0.0701,-2.9894,
dong_5_1,audio_data/private_test/dong_5_1.wav,sâu hộ é mắt nìn,model1_wav2vec2_vi,-0.0432,-3.007,
dong_60_7,audio_data/private_test/dong_60_7.wav,để đưa mất nhìn qan,model1_wav2vec2_vi,-0.0576,-2.9959,
dong_61_8,audio_data/private_test/dong_61_8.wav,ai n,model1_wav2vec2_vi,-0.1927,-2.9075,
dong_62_8,audio_data/private_test/dong_62_8.wav,còn,model1_wav2vec2_vi,-0.0316,-2.9754,
dong_63_8,audio_data/private_test/dong_63_8.wav,cả giấp eo quê cươn mình,model1_wav2vec2_vi,-0.0664,-2.9503,
dong_64_8,audio_data/private_test/dong_64_8.wav,câu mưa giàu kéo đến,model1_wav2vec2_vi,-0.0538,-2.9867,
dong_65_8,audio_data/private_test/dong_65_8.wav,bọu trời nhày càng lạnh hơn,model1_wav2vec2_vi,-0.0535,-2.9675,
dong_66_8,audio_data/private_test/dong_66_8.wav,nây một chú,model1_wav2vec2_vi,-0.1295,-2.9619,
dong_67_8,audio_data/private_test/dong_67_8.wav,niễn con vô cùng ngạc nhiên,model1_wav2vec2_vi,-0.0489,-2.9462,
dong_68_8,audio_data/private_test/dong_68_8.wav,ạn làm pi,model1_wav2vec2_vi,-0.0934,-2.9907,
dong_69_8,audio_data/private_test/dong_69_8.wav,cố ôm tền,model1_wav2vec2_vi,-0.1043,-2.9733,
dong_6_2,audio_data/private_test/dong_6_2.wav,mẹ mấy mộ ô tô,model1_wav2vec2_vi,-0.0339,-2.9982,
dong_70_8,audio_data/private_test/dong_70_8.wav,ông chúa bai vệt tổ,model1_wav2vec2_vi,-0.0338,-2.9487,
dong_71_9,audio_data/private_test/dong_71_9.wav,đế in lệp thờng chỉ  là,model1_wav2vec2_vi,-0.1836,-2.9809,
dong_72_9,audio_data/private_test/dong_72_9.wav,thên mớt nì,model1_wav2vec2_vi,-0.1461,-2.9795,
dong_74_9,audio_data/private_test/dong_74_9.wav,à tẻ dịạ,model1_wav2vec2_vi,-0.1252,-2.9786,
dong_75_9,audio_data/private_test/dong_75_9.wav,cộp em bè tai nguyên nóa ăn cơ,model1_wav2vec2_vi,-0.1505,-2.966,
dong_77_9,audio_data/private_test/dong_77_9.wav,khi vào căn hình và,model1_wav2vec2_vi,-0.1392,-2.9513,
dong_78_9,audio_data/private_test/dong_78_9.wav,bạn nhỏ thả dợt trên cán đàu,model1_wav2vec2_vi,-0.062,-2.9944,
dong_79_9,audio_data/private_test/dong_79_9.wav,chển khan đan bây ca sau,model1_wav2vec2_vi,-0.137,-2.9725,
dong_7_2,audio_data/private_test/dong_7_2.wav,em đan anh cường,model1_wav2vec2_vi,-0.0349,-3.022,
dong_80_9,audio_data/private_test/dong_80_9.wav,anhlàm,model1_wav2vec2_vi,-0.0631,-3.0179,
dong_81_10,audio_data/private_test/dong_81_10.wav,chất cường rất đẹp,model1_wav2vec2_vi,-0.0862,-2.9731,
dong_82_10,audio_data/private_test/dong_82_10.wav,thọt con nghiềm cáo,model1_wav2vec2_vi,-0.0777,-2.9773,
dong_83_10,audio_data/private_test/dong_83_10.wav,mộn các bà  nới cơm gậy mi an kôn,model1_wav2vec2_vi,-0.2633,-2.9535,
dong_84_10,audio_data/private_test/dong_84_10.wav,tập đọc,model1_wav2vec2_vi,-0.0464,-3.0101,
dong_85_10,audio_data/private_test/dong_85_10.wav,tôi trở về quê hương,model1_wav2vec2_vi,-0.0353,-2.953,
dong_86_10,audio_data/private_test/dong_86_10.wav,đàn ngề cha lắt xa vưua,model1_wav2vec2_vi,-0.0811,-2.9939,
dong_87_10,audio_data/private_test/dong_87_10.wav,tôi ếm tăm n nai tôi,model1_wav2vec2_vi,-0.0994,-2.9751,
dong_88_10,audio_data/private_test/dong_88_10.wav,ếm nhên ngôi nhà của em,model1_wav2vec2_vi,-0.0778,-2.9601,
dong_89_10,audio_data/private_test/dong_89_10.wav,tiêu chẩn sin,model1_wav2vec2_vi,-0.1432,-2.9889,
dong_8_2,audio_data/private_test/dong_8_2.wav,kíc túp vui chậ,model1_wav2vec2_vi,-0.1588,-3.0004,
dong_90_10,audio_data/private_test/dong_90_10.wav,nge đứn rồi,model1_wav2vec2_vi,-0.0754,-2.9719,
dong_91_10,audio_data/private_test/dong_91_10.wav,tôn  có khỏe không,model1_wav2vec2_vi,-0.1072,-2.9432,
dong_92_10,audio_data/private_test/dong_92_10.wav,nững gốc đã chơi được mún á,model1_wav2vec2_vi,-0.1486,-2.9557,
dong_93_10,audio_data/private_test/dong_93_10.wav,bố mẹ gúc con chẩn bị nhé,model1_wav2vec2_vi,-0.1017,-2.987,
dong_94_10,audio_data/private_test/dong_94_10.wav,ơng trong nn tập là đẹp,model1_wav2vec2_vi,-0.1727,-2.93,
dong_95_10,audio_data/private_test/dong_95_10.wav,sâng đặ tưởng dượng kém cay rồi,model1_wav2vec2_vi,-0.1133,-2.9587,
dong_96_11,audio_data/private_test/dong_96_11.wav,sao án phư trưởng ờ lắm,model1_wav2vec2_vi,-0.1256,-2.9974,
dong_97_11,audio_data/private_test/dong_97_11.wav,ton mèo lông vàng ổng,model1_wav2vec2_vi,-0.0478,-2.9709,
dong_98_11,audio_data/private_test/dong_98_11.wav,quê tớ hời hải phòng,model1_wav2vec2_vi,-0.0615,-3.0253,
dong_99_11,audio_data/private_test/dong_99_11.wav,ừ vườn cây trong đở gọc,model1_wav2vec2_vi,-0.0412,-2.9877,
dong_9_2,audio_data/private_test/dong_9_2.wav,người êu thích thơm,model1_wav2vec2_vi,-0.1499,-3.0006,
