id,path,predict,chosen_model,conf_m1,conf_m2,conf_m3
nang-giai_1618731750770,audio_data/private_test/nang-giai_1618731750770.wav,naŋ zaː2j,model1_wav2vec2_vi,-0.0135,-2.9955,
nang-giai_1618731781800,audio_data/private_test/nang-giai_1618731781800.wav,naŋ zaː5j,model1_wav2vec2_vi,-0.0238,-3.017,
nang-giai_1618732605210,audio_data/private_test/nang-giai_1618732605210.wav,naŋ ɣaː4j,model1_wav2vec2_vi,-0.0368,-3.0462,
nang-giai_1618732684413,audio_data/private_test/nang-giai_1618732684413.wav,naŋ zaːɜj,model1_wav2vec2_vi,-0.0273,-3.0128,
nang-giai_1618732695387,audio_data/private_test/nang-giai_1618732695387.wav,naŋ ɣaː4j,model1_wav2vec2_vi,-0.0304,-2.9892,
nang-giai_1618732709490,audio_data/private_test/nang-giai_1618732709490.wav,naŋ zaːj,model1_wav2vec2_vi,-0.0253,-3.0039,
nhan-loai_1618732856294,audio_data/private_test/nhan-loai_1618732856294.wav,ɲən lwaː2j,model1_wav2vec2_vi,-0.0156,-2.9995,
nhan-loai_1618732872207,audio_data/private_test/nhan-loai_1618732872207.wav,ɲən nwaː5j,model1_wav2vec2_vi,-0.0329,-3.0055,
nhan-loai_1618732882238,audio_data/private_test/nhan-loai_1618732882238.wav,ɲən laː6j,model1_wav2vec2_vi,-0.0078,-3.0071,
nhan-loai_1618732889501,audio_data/private_test/nhan-loai_1618732889501.wav,ɲəɲ lwaː5j,model1_wav2vec2_vi,-0.029,-2.9856,
nhan-loai_1618732898716,audio_data/private_test/nhan-loai_1618732898716.wav,ɲən lwaː6j,model1_wav2vec2_vi,-0.0144,-2.988,
nhan-loai_1618732907026,audio_data/private_test/nhan-loai_1618732907026.wav,ɲi2n lwaː2j,model1_wav2vec2_vi,-0.0175,-2.9854,
noi-trai_1618732921176,audio_data/private_test/noi-trai_1618732921176.wav,nəːj tʃaː2j,model1_wav2vec2_vi,-0.0147,-2.9851,
noi-trai_1618732962207,audio_data/private_test/noi-trai_1618732962207.wav,nəːj tʃaː5j,model1_wav2vec2_vi,-0.0268,-2.9879,
noi-trai_1618733000841,audio_data/private_test/noi-trai_1618733000841.wav,nəːj tʃaː4j,model1_wav2vec2_vi,-0.0153,-3.0165,
noi-trai_1618733013767,audio_data/private_test/noi-trai_1618733013767.wav,nəːj tʃaːɜj,model1_wav2vec2_vi,-0.0037,-3.0017,
noi-trai_1618733039043,audio_data/private_test/noi-trai_1618733039043.wav,nəː2j tʃaː6j,model1_wav2vec2_vi,-0.0393,-2.9847,
noi-trai_1618738065718,audio_data/private_test/noi-trai_1618738065718.wav,nəːj tʃaːj,model1_wav2vec2_vi,-0.0116,-3.0121,
diem-dai_1618733094458,audio_data/private_test/diem-dai_1618733094458.wav,ɗiɛ4m ɗaː6j,model1_wav2vec2_vi,-0.018,-3.0093,
nao-biet_1618733487266,audio_data/private_test/nao-biet_1618733487266.wav,naː2w biɛɜt̪,model1_wav2vec2_vi,-0.0085,-2.9698,
nao-biet_1618733496826,audio_data/private_test/nao-biet_1618733496826.wav,naː5w biɛɜt̪,model1_wav2vec2_vi,-0.0138,-2.961,
nao-biet_1618733506225,audio_data/private_test/nao-biet_1618733506225.wav,naː2w biɛɜt̪,model1_wav2vec2_vi,-0.0179,-2.9665,
nao-biet_1618733512310,audio_data/private_test/nao-biet_1618733512310.wav,naː2w biɛɜt̪,model1_wav2vec2_vi,-0.0164,-2.9698,
nao-biet_1618733519224,audio_data/private_test/nao-biet_1618733519224.wav,naː2w biɛɜt̪,model1_wav2vec2_vi,-0.0111,-2.9915,
nao-biet_1618733525403,audio_data/private_test/nao-biet_1618733525403.wav,naː2w biɛɜt̪,model1_wav2vec2_vi,-0.0016,-2.9829,
goc-dao_1618733532757,audio_data/private_test/goc-dao_1618733532757.wav,ɣoɜk naː2w,model1_wav2vec2_vi,-0.0122,-2.9795,
goc-dao_1618733539306,audio_data/private_test/goc-dao_1618733539306.wav,ɣo6k ɗaː5w,model1_wav2vec2_vi,-0.0177,-2.9717,
goc-dao_1618733545392,audio_data/private_test/goc-dao_1618733545392.wav,ɣoɜk ɗaː4w,model1_wav2vec2_vi,-0.0086,-2.9884,
goc-dao_1618733550889,audio_data/private_test/goc-dao_1618733550889.wav,ɣoɜk ɗaːɜw,model1_wav2vec2_vi,-0.0023,-2.9746,
goc-dao_1618733558238,audio_data/private_test/goc-dao_1618733558238.wav,ŋoɜk ɗaː6w,model1_wav2vec2_vi,-0.0094,-2.994,
goc-dao_1618733566404,audio_data/private_test/goc-dao_1618733566404.wav,ɣuɜc ɗaw,model1_wav2vec2_vi,-0.023,-2.9911,
xau-bao_1618733574612,audio_data/private_test/xau-bao_1618733574612.wav,səɜw baː2,model1_wav2vec2_vi,-0.0136,-2.998,
xau-bao_1618733581155,audio_data/private_test/xau-bao_1618733581155.wav,soɜ baː5w,model1_wav2vec2_vi,-0.0141,-2.9916,
xau-bao_1618733650471,audio_data/private_test/xau-bao_1618733650471.wav,soɜ baːɜw,model1_wav2vec2_vi,-0.0054,-2.9656,
xau-bao_1618733657004,audio_data/private_test/xau-bao_1618733657004.wav,səɜw baː6w,model1_wav2vec2_vi,-0.0099,-2.9965,
xau-bao_1618733663590,audio_data/private_test/xau-bao_1618733663590.wav,səɜw baːw,model1_wav2vec2_vi,-0.0209,-2.9741,
chau-duong_1618736869409,audio_data/private_test/chau-duong_1618736869409.wav,tʃa2w zyəŋ,model1_wav2vec2_vi,-0.045,-2.977,
chau-duong_1618736881005,audio_data/private_test/chau-duong_1618736881005.wav,tʃaɜw ɣyəŋ,model1_wav2vec2_vi,-0.0327,-2.9929,
chau-duong_1618736887537,audio_data/private_test/chau-duong_1618736887537.wav,tʃaɜw zyəŋ,model1_wav2vec2_vi,-0.0283,-2.9752,
chau-duong_1618736893598,audio_data/private_test/chau-duong_1618736893598.wav,tʃaɜw zyəŋ,model1_wav2vec2_vi,-0.0098,-2.9604,
chau-duong_1618736899520,audio_data/private_test/chau-duong_1618736899520.wav,tʃa6w zyəŋ,model1_wav2vec2_vi,-0.0222,-2.999,
chau-duong_1618736907029,audio_data/private_test/chau-duong_1618736907029.wav,tʃaw zyəŋ,model1_wav2vec2_vi,-0.0237,-2.9843,
nay-ngung_1618736920617,audio_data/private_test/nay-ngung_1618736920617.wav,na2j ŋyŋ,model1_wav2vec2_vi,-0.0188,-2.975,
nay-ngung_1618736927877,audio_data/private_test/nay-ngung_1618736927877.wav,na5j ŋyŋ,model1_wav2vec2_vi,-0.0433,-2.9781,
nay-ngung_1618736936150,audio_data/private_test/nay-ngung_1618736936150.wav,na2j ŋyŋ,model1_wav2vec2_vi,-0.0265,-2.9881,
nay-ngung_1618736942843,audio_data/private_test/nay-ngung_1618736942843.wav,na5j ŋyŋ,model1_wav2vec2_vi,-0.0318,-2.9668,
nay-ngung_1618736949818,audio_data/private_test/nay-ngung_1618736949818.wav,na6j ŋyŋ,model1_wav2vec2_vi,-0.0289,-2.991,
nay-ngung_1618737005545,audio_data/private_test/nay-ngung_1618737005545.wav,na2j ŋy2ŋ,model1_wav2vec2_vi,-0.0248,-2.9867,
nhan-may_1618737175146,audio_data/private_test/nhan-may_1618737175146.wav,ɲən ma2j,model1_wav2vec2_vi,-0.0085,-3.0153,
nhan-may_1618737184337,audio_data/private_test/nhan-may_1618737184337.wav,ɲən ma5j,model1_wav2vec2_vi,-0.0073,-2.9877,
nhan-may_1618737191100,audio_data/private_test/nhan-may_1618737191100.wav,ɲən maɜj,model1_wav2vec2_vi,-0.0225,-3.0084,
nhan-may_1618737211964,audio_data/private_test/nhan-may_1618737211964.wav,ɲeɲ ma5j,model1_wav2vec2_vi,-0.0196,-3.0173,
nhan-may_1618737218408,audio_data/private_test/nhan-may_1618737218408.wav,ɲən me6ɲ,model1_wav2vec2_vi,-0.0104,-2.9885,
nhan-may_1618737224786,audio_data/private_test/nhan-may_1618737224786.wav,ɲən maj,model1_wav2vec2_vi,-0.0238,-3.0011,
chau-ngheo_1618737561855,audio_data/private_test/chau-ngheo_1618737561855.wav,tʃaɜw ŋɛ2w,model1_wav2vec2_vi,-0.0059,-3.0165,
chau-ngheo_1618737570660,audio_data/private_test/chau-ngheo_1618737570660.wav,tʃaɜw ɛnəː2 ɲaː5w,model1_wav2vec2_vi,-0.0626,-2.993,
chau-ngheo_1618737577158,audio_data/private_test/chau-ngheo_1618737577158.wav,tʃaɜw ɲɛ4w,model1_wav2vec2_vi,-0.0176,-2.9844,
chau-ngheo_1618737582825,audio_data/private_test/chau-ngheo_1618737582825.wav,tʃaɜw ŋɛɜw,model1_wav2vec2_vi,-0.0166,-2.9767,
chau-ngheo_1618737588768,audio_data/private_test/chau-ngheo_1618737588768.wav,tʃaɜw ŋɛ6w,model1_wav2vec2_vi,-0.0111,-2.9934,
chau-ngheo_1618737594802,audio_data/private_test/chau-ngheo_1618737594802.wav,tʃaɜw ŋɛw,model1_wav2vec2_vi,-0.0482,-2.994,
nhi-ho_1618737765954,audio_data/private_test/nhi-ho_1618737765954.wav,ɲi2 ho,model1_wav2vec2_vi,-0.0291,-2.9855,
nhi-ho_1618737771357,audio_data/private_test/nhi-ho_1618737771357.wav,ɲi5 ho,model1_wav2vec2_vi,-0.0315,-2.9588,
nhi-ho_1618737777683,audio_data/private_test/nhi-ho_1618737777683.wav,ɲi2 ho,model1_wav2vec2_vi,-0.0153,-2.9763,
nhi-ho_1618737783395,audio_data/private_test/nhi-ho_1618737783395.wav,ɲi4 hon,model1_wav2vec2_vi,-0.048,-2.9789,
nhi-ho_1618737789467,audio_data/private_test/nhi-ho_1618737789467.wav,ŋi6 ho,model1_wav2vec2_vi,-0.0528,-2.9852,
nhi-ho_1618737795352,audio_data/private_test/nhi-ho_1618737795352.wav,ɲi ho,model1_wav2vec2_vi,-0.0295,-3.0031,
mang-thit_1618737913548,audio_data/private_test/mang-thit_1618737913548.wav,maːŋ tiɜt̪,model1_wav2vec2_vi,-0.0167,-2.964,
mang-thit_1618737919433,audio_data/private_test/mang-thit_1618737919433.wav,maːŋ ti6t̪,model1_wav2vec2_vi,-0.0248,-2.9386,
men-bia_1618737968431,audio_data/private_test/men-bia_1618737968431.wav,mɛn biə2,model1_wav2vec2_vi,-0.0119,-3.0138,
men-bia_1618737974177,audio_data/private_test/men-bia_1618737974177.wav,mɛn biə5,model1_wav2vec2_vi,-0.024,-3.0269,
men-bia_1618737980760,audio_data/private_test/men-bia_1618737980760.wav,nɛn ɗiə6,model1_wav2vec2_vi,-0.0338,-3.0123,
men-bia_1618737987010,audio_data/private_test/men-bia_1618737987010.wav,nɛn biəɜ,model1_wav2vec2_vi,-0.0214,-3.0304,
men-bia_1618737995794,audio_data/private_test/men-bia_1618737995794.wav,mɛn biə,model1_wav2vec2_vi,-0.029,-3.0356,
men-bia_1618738001831,audio_data/private_test/men-bia_1618738001831.wav,mɛn biə,model1_wav2vec2_vi,-0.0264,-3.0299,
diem-dai_1618733066337,audio_data/private_test/diem-dai_1618733066337.wav,ɗiɛ4m ɗaː2j,model1_wav2vec2_vi,-0.0056,-3.0092,
diem-dai_1618733076104,audio_data/private_test/diem-dai_1618733076104.wav,ɗiɛ4m ɗaː6j,model1_wav2vec2_vi,-0.0219,-2.9998,
diem-dai_1618733209021,audio_data/private_test/diem-dai_1618733209021.wav,ɗiɛ4m ɗaːɜj,model1_wav2vec2_vi,-0.0116,-3.0111,
diem-dai_1618733217656,audio_data/private_test/diem-dai_1618733217656.wav,ɗiɛ4m ɗaː6j,model1_wav2vec2_vi,-0.0071,-2.9962,
diem-dai_1618733225902,audio_data/private_test/diem-dai_1618733225902.wav,ɗiɛ4m ɗaːj,model1_wav2vec2_vi,-0.005,-2.9805,
khien-khai_1618733238879,audio_data/private_test/khien-khai_1618733238879.wav,xiɛ4n xaːj,model1_wav2vec2_vi,-0.0332,-3.0214,
khien-khai_1618733264791,audio_data/private_test/khien-khai_1618733264791.wav,xiɛ4n saː5j,model1_wav2vec2_vi,-0.0186,-3.0132,
khien-khai_1618733273507,audio_data/private_test/khien-khai_1618733273507.wav,hiɛ2n xaː4j,model1_wav2vec2_vi,-0.0213,-3.0112,
khien-khai_1618733280362,audio_data/private_test/khien-khai_1618733280362.wav,xiɛ4n xaːɜj,model1_wav2vec2_vi,-0.0124,-2.9924,
khien-khai_1618733286843,audio_data/private_test/khien-khai_1618733286843.wav,xiɛ4n saː6j,model1_wav2vec2_vi,-0.027,-2.9775,
khien-khai_1618733294258,audio_data/private_test/khien-khai_1618733294258.wav,xziɛ4n xaːj,model1_wav2vec2_vi,-0.0225,-3.0146,
cai-bi_1618733303874,audio_data/private_test/cai-bi_1618733303874.wav,t̪aː4j bi6,model1_wav2vec2_vi,-0.0235,-2.9564,
cai-bi_1618733310234,audio_data/private_test/cai-bi_1618733310234.wav,kaːɜj bi6,model1_wav2vec2_vi,-0.0038,-2.9793,
cai-bi_1618733318277,audio_data/private_test/cai-bi_1618733318277.wav,tʃaː4j bi6,model1_wav2vec2_vi,-0.0311,-2.9723,
cai-bi_1618733326926,audio_data/private_test/cai-bi_1618733326926.wav,kaːɜj bi6,model1_wav2vec2_vi,-0.0056,-2.9782,
cai-bi_1618733333877,audio_data/private_test/cai-bi_1618733333877.wav,kaː6j bi6,model1_wav2vec2_vi,-0.0202,-2.9868,
cai-bi_1618733341832,audio_data/private_test/cai-bi_1618733341832.wav,kaːj bi6,model1_wav2vec2_vi,-0.0076,-2.9849,
thay-giao_1618733349826,audio_data/private_test/thay-giao_1618733349826.wav,təɪ2 zaː2w,model1_wav2vec2_vi,-0.014,-2.9648,
thay-giao_1618733357709,audio_data/private_test/thay-giao_1618733357709.wav,təɪ2 zaːɜw,model1_wav2vec2_vi,-0.0128,-2.9814,
thay-giao_1618733364760,audio_data/private_test/thay-giao_1618733364760.wav,təɪ2 zaːɜw,model1_wav2vec2_vi,-0.0121,-2.9893,
thay-giao_1618733375807,audio_data/private_test/thay-giao_1618733375807.wav,təɪ2 zaːɜw,model1_wav2vec2_vi,-0.0074,-2.9552,
thay-giao_1618733425139,audio_data/private_test/thay-giao_1618733425139.wav,təɪ2 zaː6w,model1_wav2vec2_vi,-0.0107,-2.9763,
thay-giao_1618733431847,audio_data/private_test/thay-giao_1618733431847.wav,təɪ2 zaː,model1_wav2vec2_vi,-0.0274,-2.9819,
phep-khao_1618733439748,audio_data/private_test/phep-khao_1618733439748.wav,fɛɜp xaːw,model1_wav2vec2_vi,-0.0239,-2.993,
phep-khao_1618733452744,audio_data/private_test/phep-khao_1618733452744.wav,sɛɜp xaː4w,model1_wav2vec2_vi,-0.0179,-2.9762,
phep-khao_1618733459097,audio_data/private_test/phep-khao_1618733459097.wav,fɛɜp xaː4w,model1_wav2vec2_vi,-0.022,-2.9783,
phep-khao_1618733465636,audio_data/private_test/phep-khao_1618733465636.wav,fɛɜp xaːɜw,model1_wav2vec2_vi,-0.0096,-2.9891,
phep-khao_1618733472164,audio_data/private_test/phep-khao_1618733472164.wav,fɛɜp xaː4w,model1_wav2vec2_vi,-0.0112,-2.9641,
phep-khao_1618733479516,audio_data/private_test/phep-khao_1618733479516.wav,fɛɜp xaːw,model1_wav2vec2_vi,-0.0169,-3.0055,
xau-bao_1618733642287,audio_data/private_test/xau-bao_1618733642287.wav,səɜw baː4w,model1_wav2vec2_vi,-0.0101,-2.9936,
tau-dien_1618736691074,audio_data/private_test/tau-dien_1618736691074.wav,t̪a2w ziɛ5n,model1_wav2vec2_vi,-0.0063,-3.0012,
tau-dien_1618736705698,audio_data/private_test/tau-dien_1618736705698.wav,t̪aːɜw ziɛ5n,model1_wav2vec2_vi,-0.0351,-2.9789,
tau-dien_1618736715606,audio_data/private_test/tau-dien_1618736715606.wav,t̪aːɜw ziɛ5n,model1_wav2vec2_vi,-0.0329,-3.0048,
tau-dien_1618736727947,audio_data/private_test/tau-dien_1618736727947.wav,t̪ə6w ziɛn,model1_wav2vec2_vi,-0.0299,-2.9899,
tau-dien_1618736734221,audio_data/private_test/tau-dien_1618736734221.wav,t̪a6w ziɛ5n,model1_wav2vec2_vi,-0.0265,-2.9822,
tau-dien_1618736740309,audio_data/private_test/tau-dien_1618736740309.wav,t̪aw ziɛ5n,model1_wav2vec2_vi,-0.0123,-2.9953,
tren-tau_1618736748014,audio_data/private_test/tren-tau_1618736748014.wav,tʃen t̪a2w,model1_wav2vec2_vi,-0.0017,-3.0026,
tren-tau_1618736756822,audio_data/private_test/tren-tau_1618736756822.wav,tʃen t̪aɜw,model1_wav2vec2_vi,-0.031,-2.9462,
tren-tau_1618736780341,audio_data/private_test/tren-tau_1618736780341.wav,tʃen t̪a2w,model1_wav2vec2_vi,-0.0131,-2.9852,
tren-tau_1618736790124,audio_data/private_test/tren-tau_1618736790124.wav,tʃen t̪aɜw,model1_wav2vec2_vi,-0.0138,-2.9955,
tren-tau_1618736799013,audio_data/private_test/tren-tau_1618736799013.wav,tʃen t̪a6w,model1_wav2vec2_vi,-0.0334,-2.9472,
tren-tau_1618736805231,audio_data/private_test/tren-tau_1618736805231.wav,tʃen t̪aw,model1_wav2vec2_vi,-0.0023,-2.9787,
thuan-chay_1618737018318,audio_data/private_test/thuan-chay_1618737018318.wav,twə6n tʃa4j,model1_wav2vec2_vi,-0.0242,-3.0082,
thuan-chay_1618737025531,audio_data/private_test/thuan-chay_1618737025531.wav,twə6n tʃa5j,model1_wav2vec2_vi,-0.0283,-2.9766,
thuan-chay_1618737032579,audio_data/private_test/thuan-chay_1618737032579.wav,twə6n tʃa4j,model1_wav2vec2_vi,-0.0206,-3.0122,
thuan-chay_1618737040515,audio_data/private_test/thuan-chay_1618737040515.wav,twə6n tʃaɜj,model1_wav2vec2_vi,-0.0115,-2.9886,
thuan-chay_1618737046675,audio_data/private_test/thuan-chay_1618737046675.wav,twə6n tʃa6j,model1_wav2vec2_vi,-0.0247,-3.016,
thuan-chay_1618737052694,audio_data/private_test/thuan-chay_1618737052694.wav,twə6n tʃaj,model1_wav2vec2_vi,-0.0189,-3.0104,
san-khe_1618737233663,audio_data/private_test/san-khe_1618737233663.wav,saː6n xɛ,model1_wav2vec2_vi,-0.0136,-2.9946,
san-khe_1618737240952,audio_data/private_test/san-khe_1618737240952.wav,tʃaː6n xɛ5,model1_wav2vec2_vi,-0.0172,-2.9727,
san-khe_1618737247893,audio_data/private_test/san-khe_1618737247893.wav,saː6n xɛ4ɛ,model1_wav2vec2_vi,-0.0151,-2.9746,
san-khe_1618737255349,audio_data/private_test/san-khe_1618737255349.wav,saː6n xɛɜ,model1_wav2vec2_vi,-0.0167,-2.9637,
san-khe_1618737262309,audio_data/private_test/san-khe_1618737262309.wav,saː4n xɛ4,model1_wav2vec2_vi,-0.0227,-2.9689,
san-khe_1618737268682,audio_data/private_test/san-khe_1618737268682.wav,tʃaː6n xɛ,model1_wav2vec2_vi,-0.0259,-2.9937,
sen-ke_1618737285051,audio_data/private_test/sen-ke_1618737285051.wav,t̪aːn ke4,model1_wav2vec2_vi,-0.0547,-2.9974,
sen-ke_1618737291324,audio_data/private_test/sen-ke_1618737291324.wav,saːn ke4,model1_wav2vec2_vi,-0.0245,-2.9711,
sen-ke_1618737298450,audio_data/private_test/sen-ke_1618737298450.wav,tʃɛ2n ke4,model1_wav2vec2_vi,-0.0314,-2.9647,
sen-ke_1618737305133,audio_data/private_test/sen-ke_1618737305133.wav,tʃaːɜn ke4,model1_wav2vec2_vi,-0.0204,-2.9977,
sen-ke_1618737311945,audio_data/private_test/sen-ke_1618737311945.wav,tɛ6n ke4,model1_wav2vec2_vi,-0.0387,-2.9642,
sen-ke_1618737317884,audio_data/private_test/sen-ke_1618737317884.wav,kɛn ke4,model1_wav2vec2_vi,-0.0434,-2.9909,
chen-suot_1618737329900,audio_data/private_test/chen-suot_1618737329900.wav,tʃɛ2n suəɜt̪,model1_wav2vec2_vi,-0.0304,-3.0104,
chen-suot_1618737336530,audio_data/private_test/chen-suot_1618737336530.wav,taːɜŋ suəɜt̪,model1_wav2vec2_vi,-0.0583,-2.9976,
chen-suot_1618737342495,audio_data/private_test/chen-suot_1618737342495.wav,tʃaː4n swəɜt̪,model1_wav2vec2_vi,-0.0435,-2.9943,
chen-suot_1618737348799,audio_data/private_test/chen-suot_1618737348799.wav,tʃɛɜn swyəɜt̪,model1_wav2vec2_vi,-0.0515,-2.9666,
chen-suot_1618737368800,audio_data/private_test/chen-suot_1618737368800.wav,tʃaː6n suəɜt̪,model1_wav2vec2_vi,-0.0639,-2.9659,
chen-suot_1618737376065,audio_data/private_test/chen-suot_1618737376065.wav,tʃɛn suəɜt̪,model1_wav2vec2_vi,-0.0364,-2.9892,
tre-tam_1618737385256,audio_data/private_test/tre-tam_1618737385256.wav,tʃɛ4 t̪aː6n,model1_wav2vec2_vi,-0.0313,-2.9816,
tre-tam_1618737390957,audio_data/private_test/tre-tam_1618737390957.wav,tʃɛ4 ɛm t̪aː6,model1_wav2vec2_vi,-0.0683,-2.9943,
tre-tam_1618737397484,audio_data/private_test/tre-tam_1618737397484.wav,tʃɛ4 t̪aː6n,model1_wav2vec2_vi,-0.0224,-2.9882,
tre-tam_1618737422344,audio_data/private_test/tre-tam_1618737422344.wav,tʃɛɜ t̪aː6n,model1_wav2vec2_vi,-0.0358,-2.9873,
tre-tam_1618737439444,audio_data/private_test/tre-tam_1618737439444.wav,tʃɛ4 t̪aː6n,model1_wav2vec2_vi,-0.0315,-2.9748,
tre-tam_1618737449484,audio_data/private_test/tre-tam_1618737449484.wav,tʃɛ2 t̪aː6,model1_wav2vec2_vi,-0.0407,-2.9653,
ke-thuoc_1618737460511,audio_data/private_test/ke-thuoc_1618737460511.wav,kɛ2 tuə6c,model1_wav2vec2_vi,-0.0081,-2.9739,
ke-thuoc_1618737466677,audio_data/private_test/ke-thuoc_1618737466677.wav,kɛ5 tuə6c,model1_wav2vec2_vi,-0.0154,-2.9611,
ke-thuoc_1618737475487,audio_data/private_test/ke-thuoc_1618737475487.wav,kɛ4 tuə6c,model1_wav2vec2_vi,-0.0054,-2.9651,
ke-thuoc_1618737482256,audio_data/private_test/ke-thuoc_1618737482256.wav,kɛɜ tuə6c,model1_wav2vec2_vi,-0.0261,-2.9398,
ke-thuoc_1618737488021,audio_data/private_test/ke-thuoc_1618737488021.wav,kɛ6 tuə6c,model1_wav2vec2_vi,-0.0127,-2.9638,
ke-thuoc_1618737493923,audio_data/private_test/ke-thuoc_1618737493923.wav,kɛ tuə6c,model1_wav2vec2_vi,-0.0202,-2.9763,
gai-treo_1618737512943,audio_data/private_test/gai-treo_1618737512943.wav,ɣaːɜj tɛ2w,model1_wav2vec2_vi,-0.0285,-2.9869,
gai-treo_1618737521919,audio_data/private_test/gai-treo_1618737521919.wav,ɣaːɜj tʃɛ5w,model1_wav2vec2_vi,-0.0161,-2.9685,
gai-treo_1618737527566,audio_data/private_test/gai-treo_1618737527566.wav,ɣaːɜj tʃɛ4,model1_wav2vec2_vi,-0.0164,-2.9893,
gai-treo_1618737542096,audio_data/private_test/gai-treo_1618737542096.wav,ɣaːɜj tʃɛɜw,model1_wav2vec2_vi,-0.0156,-2.9746,
gai-treo_1618737547747,audio_data/private_test/gai-treo_1618737547747.wav,ɣaːɜj tʃɛ6,model1_wav2vec2_vi,-0.0291,-2.9833,
gai-treo_1618737554641,audio_data/private_test/gai-treo_1618737554641.wav,ɣaːɜj tʃɛw,model1_wav2vec2_vi,-0.056,-2.9858,
thuan-theo_1618737639704,audio_data/private_test/thuan-theo_1618737639704.wav,twə6n tɛ4w,model1_wav2vec2_vi,-0.0182,-2.9643,
thuan-theo_1618737650373,audio_data/private_test/thuan-theo_1618737650373.wav,twə6n tɛ4w,model1_wav2vec2_vi,-0.02,-2.9897,
thuan-theo_1618737656618,audio_data/private_test/thuan-theo_1618737656618.wav,twə6n tɛ4w,model1_wav2vec2_vi,-0.0243,-2.9729,
thuan-theo_1618737662662,audio_data/private_test/thuan-theo_1618737662662.wav,twə6n tɛɜw,model1_wav2vec2_vi,-0.0144,-2.9679,
thuan-theo_1618737671655,audio_data/private_test/thuan-theo_1618737671655.wav,twə6n tɛ6w,model1_wav2vec2_vi,-0.0095,-2.9568,
thuan-theo_1618737677367,audio_data/private_test/thuan-theo_1618737677367.wav,twə6n tɛw,model1_wav2vec2_vi,-0.0198,-2.9812,
theo-truong_1618737722535,audio_data/private_test/theo-truong_1618737722535.wav,tɛw tʃyə4ŋ,model1_wav2vec2_vi,-0.0384,-2.9828,
theo-truong_1618737729499,audio_data/private_test/theo-truong_1618737729499.wav,tɛɜw tʃyə4ŋ,model1_wav2vec2_vi,-0.0283,-2.9459,
theo-truong_1618737736453,audio_data/private_test/theo-truong_1618737736453.wav,tɛ4w tʃyə4,model1_wav2vec2_vi,-0.0672,-2.939,
theo-truong_1618737743543,audio_data/private_test/theo-truong_1618737743543.wav,tɛɜw tʃyə4ŋ,model1_wav2vec2_vi,-0.0248,-2.9588,
theo-truong_1618737750322,audio_data/private_test/theo-truong_1618737750322.wav,tɛw tʃyə4ŋ,model1_wav2vec2_vi,-0.0288,-2.9592,
theo-truong_1618737757787,audio_data/private_test/theo-truong_1618737757787.wav,tɛw tʃyə4ŋ,model1_wav2vec2_vi,-0.0154,-2.9666,
tin-an_1618737860487,audio_data/private_test/tin-an_1618737860487.wav,t̪i2n ə4n,model1_wav2vec2_vi,-0.0674,-3.0045,
tin-an_1618737869638,audio_data/private_test/tin-an_1618737869638.wav,t̪iɛɜn e6ɲ,model1_wav2vec2_vi,-0.0429,-3.0,
tin-an_1618737875796,audio_data/private_test/tin-an_1618737875796.wav,t̪i2n hə2n,model1_wav2vec2_vi,-0.0662,-3.017,
tin-an_1618737881870,audio_data/private_test/tin-an_1618737881870.wav,t̪iɜn ə4n,model1_wav2vec2_vi,-0.0361,-3.0293,
tin-an_1618737888591,audio_data/private_test/tin-an_1618737888591.wav,(en)tɪɪn(vi) he2ɲ,model1_wav2vec2_vi,-0.0469,-2.9629,
tin-an_1618737894682,audio_data/private_test/tin-an_1618737894682.wav,t̪in ə4n,model1_wav2vec2_vi,-0.0188,-2.9794,
chia-dao_1618737930048,audio_data/private_test/chia-dao_1618737930048.wav,tʃi2 ɣaːw,model1_wav2vec2_vi,-0.0464,-2.9854,
chia-dao_1618737936162,audio_data/private_test/chia-dao_1618737936162.wav,tʃiə5 zaːw,model1_wav2vec2_vi,-0.0211,-3.0213,
chia-dao_1618737941913,audio_data/private_test/chia-dao_1618737941913.wav,tʃi4 zaː,model1_wav2vec2_vi,-0.0495,-2.9803,
chia-dao_1618737948018,audio_data/private_test/chia-dao_1618737948018.wav,tʃi6 zaːw,model1_wav2vec2_vi,-0.0585,-3.0107,
chia-dao_1618737954168,audio_data/private_test/chia-dao_1618737954168.wav,tʃiə6 zaːw,model1_wav2vec2_vi,-0.0502,-3.0118,
chia-dao_1618737961059,audio_data/private_test/chia-dao_1618737961059.wav,tʃiə zaː,model1_wav2vec2_vi,-0.0277,-3.0164,
bia-dat_1618738009641,audio_data/private_test/bia-dat_1618738009641.wav,biə2 ɗa6t̪,model1_wav2vec2_vi,-0.0326,-2.9802,
bia-dat_1618738024704,audio_data/private_test/bia-dat_1618738024704.wav,biə5 ɗa6t̪,model1_wav2vec2_vi,-0.0259,-2.9908,
bia-dat_1618738031306,audio_data/private_test/bia-dat_1618738031306.wav,ɗiə4 ɗa6t̪,model1_wav2vec2_vi,-0.0343,-2.9707,
bia-dat_1618738038209,audio_data/private_test/bia-dat_1618738038209.wav,biə4 ɗa6t̪,model1_wav2vec2_vi,-0.0339,-2.9685,
lieu-ma_1618731458378,audio_data/private_test/lieu-ma_1618731458378.wav,(en)diːəʊ(vi) maː2,model1_wav2vec2_vi,-0.0344,-3.0147,
lieu-ma_1618731476280,audio_data/private_test/lieu-ma_1618731476280.wav,liɛw maː5,model1_wav2vec2_vi,-0.0093,-2.9798,
lieu-ma_1618731504764,audio_data/private_test/lieu-ma_1618731504764.wav,ve1w maː6,model1_wav2vec2_vi,-0.0447,-2.9719,
lieu-ma_1618731518740,audio_data/private_test/lieu-ma_1618731518740.wav,liɛw maːɜ,model1_wav2vec2_vi,-0.0187,-2.9976,
lieu-ma_1618731531318,audio_data/private_test/lieu-ma_1618731531318.wav,liɛw maː6n,model1_wav2vec2_vi,-0.0254,-3.0108,
lieu-ma_1618731566884,audio_data/private_test/lieu-ma_1618731566884.wav,(en)liːəʊ(vi) maː,model1_wav2vec2_vi,-0.0375,-2.975,
dat-cang_1618732722025,audio_data/private_test/dat-cang_1618732722025.wav,ɗəɜt̪ kaː2ŋ,model1_wav2vec2_vi,-0.0223,-2.983,
dat-cang_1618732730587,audio_data/private_test/dat-cang_1618732730587.wav,ɗəɜt̪ kaː5ŋ,model1_wav2vec2_vi,-0.0282,-2.9622,
dat-cang_1618732740714,audio_data/private_test/dat-cang_1618732740714.wav,ɗəɜt̪ kaː4n,model1_wav2vec2_vi,-0.0174,-2.9888,
dat-cang_1618732752123,audio_data/private_test/dat-cang_1618732752123.wav,ɗəɜt̪ kaːɜn,model1_wav2vec2_vi,-0.0143,-2.9843,
dat-cang_1618732759896,audio_data/private_test/dat-cang_1618732759896.wav,ɗəɜt̪ kaː6n,model1_wav2vec2_vi,-0.0232,-3.0144,
dat-cang_1618732767219,audio_data/private_test/dat-cang_1618732767219.wav,ɗiɜc kaːŋ,model1_wav2vec2_vi,-0.0295,-2.9984,
loi-lai_1618732779139,audio_data/private_test/loi-lai_1618732779139.wav,lo5j laː2j,model1_wav2vec2_vi,-0.0073,-2.997,
loi-lai_1618732787549,audio_data/private_test/loi-lai_1618732787549.wav,lo5j laː5j,model1_wav2vec2_vi,-0.0138,-2.9873,
loi-lai_1618732801240,audio_data/private_test/loi-lai_1618732801240.wav,noɜj laː6j,model1_wav2vec2_vi,-0.0054,-2.9997,
loi-lai_1618732824477,audio_data/private_test/loi-lai_1618732824477.wav,lo5j laːɜj,model1_wav2vec2_vi,-0.011,-3.0124,
loi-lai_1618732832728,audio_data/private_test/loi-lai_1618732832728.wav,lo5j i laː6j,model1_wav2vec2_vi,-0.0226,-3.0062,
loi-lai_1618732843092,audio_data/private_test/loi-lai_1618732843092.wav,lo5j laːj,model1_wav2vec2_vi,-0.0032,-3.0224,
TQA_7_NAM_S0045_276,audio_data/private_test/TQA_7_NAM_S0045_276.wav,kə1w təː tʃɔ təɪɜ bəɪ2 tʃim kun zəɜt̪ tiɜc bəː2 tʃɛ laː2 əː2 se haɜt ɛ ɛʐəː2 aɜ te (en)nat(vi),model1_wav2vec2_vi,-0.0408,-2.9803,
TQA_7_NAM_S0045_123,audio_data/private_test/TQA_7_NAM_S0045_123.wav,əːj t̪en kə6w iɜ tiɜc lwaː6j tʃin naː2w,model1_wav2vec2_vi,-0.1279,-2.9889,
TQA_7_NAM_S0045_182,audio_data/private_test/TQA_7_NAM_S0045_182.wav,haːj kə6w bɛɜ ɗa6t̪ kɔn tʃim vaː2w mo6t̪ tʃiɛɜc ho6p zəɜt̪ ɗɛ6p vaː2 tʃon kəɜt̪ tə6t̪ lɔŋ tʃɔ6ŋ,model1_wav2vec2_vi,-0.0257,-2.974,
TQA_7_NAM_S0045_109,audio_data/private_test/TQA_7_NAM_S0045_109.wav,t̪əːɜ hɔ4j taː4w ko na2j ɲɛɜ,model1_wav2vec2_vi,-0.0207,-3.0116,
TQA_7_NAM_S0045_130,audio_data/private_test/TQA_7_NAM_S0045_130.wav,se hɔ6 ɲaː2 tʃim zwwziɜc baj ɗeɜn ɗə6w əː4 ɲy5ŋ bo6j kəɪ kweɲ ɣo2,model1_wav2vec2_vi,-0.0543,-2.9913,
TQA_7_NAM_S0045_110,audio_data/private_test/TQA_7_NAM_S0045_110.wav,kə6w ha5j t̪i2m ɲy5ŋ t̪y2 ŋy5 t̪aː4 vɛ4 ɗɛ6p kuə4 ma6t̪ ho2 (en)ɪɹɒpəl(vi),model1_wav2vec2_vi,-0.0305,-2.9923,
DNL_Nu_6_S0007_51,audio_data/private_test/DNL_Nu_6_S0007_51.wav,suəɜŋ ɗə en kɔɜ kɛɜt̪ ɗəːj,model1_wav2vec2_vi,-0.1175,-2.9488,
TQA_7_NAM_S0045_47,audio_data/private_test/TQA_7_NAM_S0045_47.wav,my2ŋ vuj zo2j laː6j ɗi,model1_wav2vec2_vi,-0.0113,-2.9895,
TQA_7_NAM_S0045_190,audio_data/private_test/TQA_7_NAM_S0045_190.wav,tʃim t̪y6 zɔ baj ɲa4j tʃɔŋ teɜ zəːɜj zo6ŋ ləːɜn,model1_wav2vec2_vi,-0.0242,-2.9647,
TQA_7_NAM_S0045_113,audio_data/private_test/TQA_7_NAM_S0045_113.wav,t̪əːɜ hɔ4j kə6w,model1_wav2vec2_vi,-0.0246,-2.9573,
TQA_7_NAM_S0045_62,audio_data/private_test/TQA_7_NAM_S0045_62.wav,ɲy5ŋ kə1w təː t̪aː4 vɛ4 ɗɛ6p kuə4 kəɪ koɜj xi swən ve2,model1_wav2vec2_vi,-0.0109,-2.9663,
TQA_7_NAM_S0045_242,audio_data/private_test/TQA_7_NAM_S0045_242.wav,mo6t̪ ɗaː2n kɔ2 be6c,model1_wav2vec2_vi,-0.0091,-2.9651,
TQA_7_NAM_S0045_137,audio_data/private_test/TQA_7_NAM_S0045_137.wav,sɛ vɛn ho2 ɲy5ŋ kɔn tʃim kə1w t̪uɜc haːɜt̪ len leɲ le6ɲ,model1_wav2vec2_vi,-0.0597,-2.9802,
TQA_7_NAM_S0045_21,audio_data/private_test/TQA_7_NAM_S0045_21.wav,t̪əːɜj myəj taː4w ko ɣaːɜj tʃəː4 ləɪɜ bəːɜc tʃeɲ ty4 nam ɗi,model1_wav2vec2_vi,-0.0848,-2.9633,
TQA_7_NAM_S0045_282,audio_data/private_test/TQA_7_NAM_S0045_282.wav,bo2 koŋ boɜ mɛ6 taj ɲaw əɜp tʃyɜŋ,model1_wav2vec2_vi,-0.0212,-2.972,
TQA_7_NAM_S0045_247,audio_data/private_test/TQA_7_NAM_S0045_247.wav,kɔɜ baːɜc bo2 nəm,model1_wav2vec2_vi,-0.038,-2.9779,
TQA_7_NAM_S0045_42,audio_data/private_test/TQA_7_NAM_S0045_42.wav,kəɪ kaːm vaː2ŋ tem tʃaːɜj,model1_wav2vec2_vi,-0.0369,-2.9622,
TQA_7_NAM_S0045_61,audio_data/private_test/TQA_7_NAM_S0045_61.wav,t̪oj sɛ5 tʃaː4 ləː2j ɗəɪ laː2 kə1w kuə4 t̪əːɜyɜc,model1_wav2vec2_vi,-0.033,-2.9588,
TQA_7_NAM_S0045_81,audio_data/private_test/TQA_7_NAM_S0045_81.wav,zaw suŋ e əː4sə1w suŋ se əː4 tʃen nyŋ baː5j,model1_wav2vec2_vi,-0.0822,-2.9855,
TQA_7_NAM_S0045_156,audio_data/private_test/TQA_7_NAM_S0045_156.wav,tʃiə sɛ4 soɜŋ əː4 tʃen kəɪ nen faː4j baːɜm vaː2w ke2ɲ kəɪ ba2ŋ kaː4 haːj tʃən tʃɔ xɔ4j ŋaː5,model1_wav2vec2_vi,-0.0199,-2.9854,
DNL_Nu_6_S0007_30,audio_data/private_test/DNL_Nu_6_S0007_30.wav,kaːɜ vaː2 tʃim,model1_wav2vec2_vi,-0.0301,-2.9886,
DNL_Nu_6_S0007_94,audio_data/private_test/DNL_Nu_6_S0007_94.wav,neɜ neɜw ɲy ɛm təɪɜ tʃyɜc za2ŋ ti2 aːj mɛ6ɛ6t̪ bɔɜŋ vaː2 to4j tə6t̪ ho4 baːw ɲiɛw eɜ,model1_wav2vec2_vi,-0.099,-2.9774,
TQA_7_NAM_S0045_153,audio_data/private_test/TQA_7_NAM_S0045_153.wav,vi2 vəɪ6 xi kə2n ŋi4 nɔɜ kɔ mo6t̪ tʃən len aːɜp saːɜt̪ bu6ŋ haːj tʃən kɔ2 taj ɲaw kɔ len tʃɔ ɗəː5 mɔ4j,model1_wav2vec2_vi,-0.0218,-2.9934,
TQA_7_NAM_S0045_15,audio_data/private_test/TQA_7_NAM_S0045_15.wav,hi2ɲ e4ɲ soɜ mo6t̪ laː2 kɔn tʃim kɛɜn ko4,model1_wav2vec2_vi,-0.0274,-2.9681,
DNL_Nu_6_S0007_32,audio_data/private_test/DNL_Nu_6_S0007_32.wav,na2j baː6n kin əːj,model1_wav2vec2_vi,-0.0482,-2.949,
TQA_7_NAM_S0045_147,audio_data/private_test/TQA_7_NAM_S0045_147.wav,mɔ4j tʃim sɛ4 vaː2 mɔ4 tʃim bo4 kə1w hi2ɲ t̪aːm ɣaːɜt̪ ɲɔ4 ŋaɜn vaː2w se yɜ ɛməː2 ðe7 vi2 tʃuɜŋ aːn haː6t̪ ŋu5 koɜk,model1_wav2vec2_vi,-0.0394,-2.9846,
TQA_7_NAM_S0045_160,audio_data/private_test/TQA_7_NAM_S0045_160.wav,mo5j vyə2 ɗɔ6k mo6t̪ ɗwaː6n kə6w ɗɔ6k tʃyəɜc ɗi hən,model1_wav2vec2_vi,-0.0419,-2.9874,
TQA_7_NAM_S0045_249,audio_data/private_test/TQA_7_NAM_S0045_249.wav,im ɲy t̪yə6ŋ ɗaː5,model1_wav2vec2_vi,-0.05,-2.9849,
TQA_7_NAM_S0045_212,audio_data/private_test/TQA_7_NAM_S0045_212.wav,vi2 teɜ kaːɜc kə6w xoŋ nen baɜt̪ tʃim vaː2 ŋaɜt̪ hwaː maː2 xoŋ ɗe4 iɜ t̪əːɜj zaːɜ tʃi6 kuə4 tʃuɜŋ,model1_wav2vec2_vi,-0.0173,-2.978,
TQA_7_NAM_S0045_214,audio_data/private_test/TQA_7_NAM_S0045_214.wav,t̪əːɜj ku5ŋ ɗo2ŋ iɜ vəːɜj iɜ kiɛɜn kuə4 kə6w,model1_wav2vec2_vi,-0.0156,-2.97,
TQA_7_NAM_S0045_290,audio_data/private_test/TQA_7_NAM_S0045_290.wav,t̪yəɜŋ t̪yəɜŋ ŋwiɛ5n tʃiɜc ɗaː5 zu2ŋ bo2 kə1w ɗuə t̪in ɣɔɜp fə2n ɗeɜɲ taɜŋ ɲiɛ2w tʃə6n kwaːn tʃɔ6ŋ,model1_wav2vec2_vi,-0.036,-2.9627,
TQA_7_NAM_S0045_8,audio_data/private_test/TQA_7_NAM_S0045_8.wav,t̪əː2 ɗo2 kaɜc ko6w hi2ɲ e4ɲ soɜ səɜw vaː2 tʃim zi2 vəɪ6,model1_wav2vec2_vi,-0.0609,-2.9811,
TQA_7_NAM_S0045_24,audio_data/private_test/TQA_7_NAM_S0045_24.wav,aː2 hi2ɲ e4ɲ soɜ saɜw laː2 kɔn kw,model1_wav2vec2_vi,-0.0448,-2.9834,
TQA_7_NAM_S0045_210,audio_data/private_test/TQA_7_NAM_S0045_210.wav,t̪oj muəɜn nɔɜj vəːɜj kaːɜc kə6w əɪɜ,model1_wav2vec2_vi,-0.0194,-2.974,
DNL_Nu_6_S0007_80,audio_data/private_test/DNL_Nu_6_S0007_80.wav,ɲyŋ hy6c hi2 ɗɛ t̪ɔɜt̪ mo6t̪ kaːɜj t̪aːɜc t̪aː4ŋ aɜc t̪aː ha4ŋ,model1_wav2vec2_vi,-0.0759,-2.9409,
TQA_7_NAM_S0045_273,audio_data/private_test/TQA_7_NAM_S0045_273.wav,bəɪ2 tʃim ku ɣə6t̪ ho2 kaː haːɜt̪,model1_wav2vec2_vi,-0.0265,-2.9668,
TQA_7_NAM_S0045_204,audio_data/private_test/TQA_7_NAM_S0045_204.wav,he2ɲ ɗo6ŋ kuə4 kaːɜc kə6w bɛɜ ɣəɪ zaː tʃwiɛ6n zi2 ɗaw lɔ2ŋ,model1_wav2vec2_vi,-0.0164,-2.9673,
TQA_7_NAM_S0045_33,audio_data/private_test/TQA_7_NAM_S0045_33.wav,həɲ əːj kə6w ɗɔ6k tʃɔ bɔ6n t̪yɜ ŋɛ baː2j tʃim ɛɜn ŋɛɜ,model1_wav2vec2_vi,-0.0548,-2.9873,
TQA_7_NAM_S0045_237,audio_data/private_test/TQA_7_NAM_S0045_237.wav,xwɛ əːj kə6w ɗɔ6k tʃɔ bɔ6n t̪əːɜ ŋɛ,model1_wav2vec2_vi,-0.0248,-2.9829,
TQA_7_NAM_S0045_140,audio_data/private_test/TQA_7_NAM_S0045_140.wav,be tʃen ma6t̪ ho2 bəɪ2 ten ŋaː tʃaːɜŋ moɜt̪ ɗaːŋ bəːj lo6j,model1_wav2vec2_vi,-0.0304,-2.9744,
TQA_7_NAM_S0045_23,audio_data/private_test/TQA_7_NAM_S0045_23.wav,xwaː əːj ɗeɜn lə6t̪ kə6w zo2j,model1_wav2vec2_vi,-0.0529,-2.9611,
DNL_Nu_6_S0007_43,audio_data/private_test/DNL_Nu_6_S0007_43.wav,t̪myəj t̪oɜj suəɜj,model1_wav2vec2_vi,-0.0977,-2.9611,
TQA_7_NAM_S0045_215,audio_data/private_test/TQA_7_NAM_S0045_215.wav,t̪oɜ ku5ŋ muəɜn nɔɜj kaːɜc baː6n xoŋ nen baɜt̪ tʃim vaː2 ŋaɜp hwaː,model1_wav2vec2_vi,-0.0306,-2.9998,
DNL_Nu_6_S0007_35,audio_data/private_test/DNL_Nu_6_S0007_35.wav,t̪eɜt̪ lə6m t̪eɜt̪ zaː4m,model1_wav2vec2_vi,-0.1721,-2.9599,
TQA_7_NAM_S0045_82,audio_data/private_test/TQA_7_NAM_S0045_82.wav,haːn xwɛ saɜp nəːj nəːj,model1_wav2vec2_vi,-0.0623,-2.9777,
TQA_7_NAM_S0045_240,audio_data/private_test/TQA_7_NAM_S0045_240.wav,bəː2 tʃɛ ɗɔɜn xaɜc,model1_wav2vec2_vi,-0.0304,-3.0255,
TQA_7_NAM_S0045_179,audio_data/private_test/TQA_7_NAM_S0045_179.wav,boŋ kuɜc hɛɜw laː6 ɗi vi2 tyəŋ faːɜt̪,model1_wav2vec2_vi,-0.0409,-3.0174,
TQA_7_NAM_S0045_13,audio_data/private_test/TQA_7_NAM_S0045_13.wav,t̪yɜ vaː2 kaːɜc kə6w ku2ŋ kəɪ4 noɜj t̪iɛɜp t̪en kuə4 kaːɜc lwaː2j tim tʃɔŋ byɜc tʃeɲ ɲɛɜ,model1_wav2vec2_vi,-0.0606,-2.9759,
TQA_7_NAM_S0045_18,audio_data/private_test/TQA_7_NAM_S0045_18.wav,aː2 hi2ɲ e4ɲ soɜ baː laː2 kɔn tʃim zɛ4w kwaː6t̪,model1_wav2vec2_vi,-0.0489,-2.9688,
TQA_7_NAM_S0045_161,audio_data/private_test/TQA_7_NAM_S0045_161.wav,tʃim səːn kaː vaː2 boŋ kuɜc tʃaɜŋ,model1_wav2vec2_vi,-0.0167,-2.9904,
TQA_7_NAM_S0045_193,audio_data/private_test/TQA_7_NAM_S0045_193.wav,hən əːj kə6w tʃaː4 ləː2j zuɜp ɗəːɜ kə1w na2j ɲɛɜ,model1_wav2vec2_vi,-0.0413,-2.9776,
TQA_7_NAM_S0045_59,audio_data/private_test/TQA_7_NAM_S0045_59.wav,ɲy5ŋ kə1w təː t̪aː6 vɛ4 ɗɛ6p kuə4 kəɪ koɜj xim muə2 swən ve2,model1_wav2vec2_vi,-0.0276,-2.9849,
TQA_7_NAM_S0045_287,audio_data/private_test/TQA_7_NAM_S0045_287.wav,tʃuɜŋ və5n ɲəːɜ ɗyə2ŋ ve2,model1_wav2vec2_vi,-0.0196,-2.9569,
DNL_Nu_6_S0007_77,audio_data/private_test/DNL_Nu_6_S0007_77.wav,ɣəː4 tʃaː tʃəːj baː2w kɔn zaː sən tʃəːj vəːɜj kaːɜc baː6n,model1_wav2vec2_vi,-0.0302,-2.9734,
TQA_7_NAM_S0045_106,audio_data/private_test/TQA_7_NAM_S0045_106.wav,hoaː6 ɲaː2 tʃim ɗu4 kaːɜc lwaː6j ɗu4 kaːɜc ma2w saɜc,model1_wav2vec2_vi,-0.0245,-2.9874,
TQA_7_NAM_S0045_188,audio_data/private_test/TQA_7_NAM_S0045_188.wav,tʃyəɜc si bi6 bɔ4 vaː2w lo2ŋ tʃim vaː2 hwaː soɜŋ teɜ naː2w,model1_wav2vec2_vi,-0.0223,-2.9852,
DNL_Nu_6_S0007_62,audio_data/private_test/DNL_Nu_6_S0007_62.wav,tʃi baj tʃen tʃəː2j,model1_wav2vec2_vi,-0.0441,-2.9879,
TQA_7_NAM_S0045_157,audio_data/private_test/TQA_7_NAM_S0045_157.wav,vi2 kwen zu2ŋ ɗo2ŋ təː2j ve tʃən,model1_wav2vec2_vi,-0.0392,-2.9675,
DNL_Nu_6_S0007_49,audio_data/private_test/DNL_Nu_6_S0007_49.wav,kaːɜ fe zuə2j suəɜj təɪɜ tʃin xoɜt̪ tʃen ke2ɲ,model1_wav2vec2_vi,-0.1012,-2.9626,
TQA_7_NAM_S0045_170,audio_data/private_test/TQA_7_NAM_S0045_170.wav,taː4w əːj kə6w ɗɔ6k ɗwaː6n t̪iɛɜp tɛw ɗi,model1_wav2vec2_vi,-0.0267,-2.9613,
TQA_7_NAM_S0045_294,audio_data/private_test/TQA_7_NAM_S0045_294.wav,xwe əːj kə6w tʃaː4 ləː2j zuɜp ɗəː5 ɲy5ŋ kə1w hɔ4j na2j ɲɛɜ,model1_wav2vec2_vi,-0.0356,-2.9851,
TQA_7_NAM_S0045_145,audio_data/private_test/TQA_7_NAM_S0045_145.wav,vi2 saːw mɔ4ŋ kuə4 kaːɜc ɗwaː2j tʃim xoŋ zoɜŋ ɲaw,model1_wav2vec2_vi,-0.0498,-2.9864,
DNL_Nu_6_S0007_47,audio_data/private_test/DNL_Nu_6_S0007_47.wav,teɜ zo2j haːj baː6n ku2ŋ ɗi tʃəːj,model1_wav2vec2_vi,-0.017,-3.013,
TQA_7_NAM_S0045_223,audio_data/private_test/TQA_7_NAM_S0045_223.wav,teɜ tʃin zi2 biɛɜt̪ ɗyə ty laː2 biɛ4w hiɛ6n kuə4 haː2 biɜɲ,model1_wav2vec2_vi,-0.0409,-2.9808,
DNL_Nu_6_S0007_58,audio_data/private_test/DNL_Nu_6_S0007_58.wav,tʃim baːɜw tʃen tʃəː2j,model1_wav2vec2_vi,-0.0771,-3.0048,
TQA_7_NAM_S0045_167,audio_data/private_test/TQA_7_NAM_S0045_167.wav,boŋ kuɜc ɗaː5 ŋɛ təɪɜ t̪iɛɜŋ sən kaː buə2n taː4m,model1_wav2vec2_vi,-0.0546,-2.9731,
DNL_Nu_6_S0007_16,audio_data/private_test/DNL_Nu_6_S0007_16.wav,nɔɜ an zo2j ɗəː4j t̪aː6w bɔŋ hɔ4ŋ ku2ŋ hɔ6k tʃiɛɜc kaŋ vaː2n ɔɜŋ,model1_wav2vec2_vi,-0.0602,-2.9503,
DNL_Nu_6_S0007_89,audio_data/private_test/DNL_Nu_6_S0007_89.wav,vaː2j t̪aːɜm kɔn ɗaː5 tu4 lwaː6j heɜt̪ se6c haː2 nɔɜj,model1_wav2vec2_vi,-0.0411,-2.9534,
TQA_7_NAM_S0045_100,audio_data/private_test/TQA_7_NAM_S0045_100.wav,mo5j lə2n ɗaː6j baː2ŋ və5 ke4ɲ laː6j faːɜt̪ zaː ɲyŋ t̪iɛɜŋ iw (en)ɹɪvʌt(vi),model1_wav2vec2_vi,-0.042,-2.9916,
TQA_7_NAM_S0045_189,audio_data/private_test/TQA_7_NAM_S0045_189.wav,tʃyəɜc xi bi6 bɔ4 vaː2w lɔ2ŋ,model1_wav2vec2_vi,-0.0169,-2.9885,
TQA_7_NAM_S0045_131,audio_data/private_test/TQA_7_NAM_S0045_131.wav,əːj kə1w tʃaː4 ləː2j ɗi,model1_wav2vec2_vi,-0.0501,-2.9859,
TQA_7_NAM_S0045_219,audio_data/private_test/TQA_7_NAM_S0045_219.wav,tʃim baː4w hiɛ6w buə2 swən saːŋ laː2 tʃim ɛɜn,model1_wav2vec2_vi,-0.0302,-2.9706,
TQA_7_NAM_S0045_198,audio_data/private_test/TQA_7_NAM_S0045_198.wav,ɗiɛ2w zi2 tʃɔ təɪɜ kaːɜc kə6w bɛɜ zəɜp vo t̪iɜɲ ɗoɜj vəːɜj tʃim,model1_wav2vec2_vi,-0.0202,-2.981,
TQA_7_NAM_S0045_186,audio_data/private_test/TQA_7_NAM_S0045_186.wav,nɔɜ ti2 hom naj tʃaɜc nɔɜ və5n ɗaːŋ t̪aɜm naɜŋ ma6t̪ tʃəː2j,model1_wav2vec2_vi,-0.0271,-2.9843,
TQA_7_NAM_S0045_272,audio_data/private_test/TQA_7_NAM_S0045_272.wav,sɛ nuɜj vəːɜj boɜn tʃuəɜ bɔɜj kaːɜ baj suəɜŋ zo4j laː6j vu6t̪ baj len ɗe nuɜ vəːɜj baː,model1_wav2vec2_vi,-0.0338,-2.9906,
DNL_Nu_6_S0007_25,audio_data/private_test/DNL_Nu_6_S0007_25.wav,t̪əːɜ təɪɜ boŋ ho2ŋ ɗyə6c hɔ6k ŋaɜn aːn u4 kə6w aː2,model1_wav2vec2_vi,-0.0379,-2.9503,
TQA_7_NAM_S0045_16,audio_data/private_test/TQA_7_NAM_S0045_16.wav,taː4w əːj t̪əːɜj myə2j kə6w tʃaː4 ləː2j byɜc tʃeɲ soɜ haːj,model1_wav2vec2_vi,-0.0398,-2.9695,
TQA_7_NAM_S0045_150,audio_data/private_test/TQA_7_NAM_S0045_150.wav,vi2 saːw kɔ2 tyə2ŋ ɗyɜŋ ba2ŋ mo6t̪ tʃən,model1_wav2vec2_vi,-0.0234,-2.9752,
TQA_7_NAM_S0045_112,audio_data/private_test/TQA_7_NAM_S0045_112.wav,ma6t̪ ho2 kaː2ŋ teɜ kaː2ŋ seɲ tem meɲ moŋ,model1_wav2vec2_vi,-0.0379,-2.9801,
TQA_7_NAM_S0045_37,audio_data/private_test/TQA_7_NAM_S0045_37.wav,hom naj ve2 məː4 ho6j,model1_wav2vec2_vi,-0.0046,-3.0083,
TQA_7_NAM_S0045_146,audio_data/private_test/TQA_7_NAM_S0045_146.wav,məː4 kuə4 tʃim liɛn kwaːn ɗeɜn tyɜc an kuə4 tʃuɜŋ,model1_wav2vec2_vi,-0.0103,-2.9657,
TQA_7_NAM_S0045_79,audio_data/private_test/TQA_7_NAM_S0045_79.wav,bo6 fə6n tʃaː4 ləː2j tʃɔ kə1w əː4 əː4 ɗə1w laː2 kə6n ɛməː2,model1_wav2vec2_vi,-0.0409,-2.9683,
TQA_7_NAM_S0045_88,audio_data/private_test/TQA_7_NAM_S0045_88.wav,t̪y2 tʃi4 t̪y2 ŋy5 tʃi4 hwaː6t̪ ɗo6ŋ laː2 məː4 ho6j lyə6n baj zə5n loɜj zu4 tʃaː2w vəɪɜ,model1_wav2vec2_vi,-0.0208,-2.9441,
TQA_7_NAM_S0045_194,audio_data/private_test/TQA_7_NAM_S0045_194.wav,vi2 saːw t̪iɛɜŋ hwaɜt̪ kuə4 tʃim tʃəː4 nen buə2n taː4m,model1_wav2vec2_vi,-0.0261,-2.9691,
TQA_7_NAM_S0045_271,audio_data/private_test/TQA_7_NAM_S0045_271.wav,baːɜc bo2 noŋ ɗyɜŋ im ɲy tuə6ŋ ɗaːɜ,model1_wav2vec2_vi,-0.0379,-2.9813,
TQA_7_NAM_S0045_162,audio_data/private_test/TQA_7_NAM_S0045_162.wav,bɛn bəː2 zaː2w zyə5 ɗaːɜm ko4 za6j kɔɜ boŋ kuɜc tʃaɜŋ,model1_wav2vec2_vi,-0.0209,-2.9841,
TQA_7_NAM_S0045_67,audio_data/private_test/TQA_7_NAM_S0045_67.wav,kaːɜc kə6w muəɜn tʃim ɛɜ nɔɜj zi2 xi muə2 swən ve2,model1_wav2vec2_vi,-0.0235,-2.982,
DNL_Nu_6_S0007_81,audio_data/private_test/DNL_Nu_6_S0007_81.wav,baːɜw kɔn baːɜw kɔn zəɜt̪,model1_wav2vec2_vi,-0.0193,-2.9311,
TQA_7_NAM_S0045_268,audio_data/private_test/TQA_7_NAM_S0045_268.wav,taːɜw əːj kə6w tʃaː4 ləː2j ɗi,model1_wav2vec2_vi,-0.0211,-3.004,
DNL_Nu_6_S0007_60,audio_data/private_test/DNL_Nu_6_S0007_60.wav,kə2n laː2m tʃi2n əːj,model1_wav2vec2_vi,-0.1331,-2.9831,
TQA_7_NAM_S0045_1,audio_data/private_test/TQA_7_NAM_S0045_1.wav,kə6w əːj tʃuɜŋ mi2ɲ ku2ŋ ti ɣɔ6j t̪em ɲy5ŋ lwaː2j tʃim kɔɜ t̪en tʃɔn byɜc tʃeɲ na2j ɲɛɜ,model1_wav2vec2_vi,-0.0335,-3.0007,
TQA_7_NAM_S0045_232,audio_data/private_test/TQA_7_NAM_S0045_232.wav,kaːɜc lwaː2j tʃim kɔɜ zəɜt̪ ɲiɛ2w ləː6j iɜc maːŋ laː6j tʃɔ kɔn ŋyə2j ɲy zuɜp noŋ zən baː4w ve6 muə2 maː2ŋ,model1_wav2vec2_vi,-0.0161,-2.9936,
TQA_7_NAM_S0045_279,audio_data/private_test/TQA_7_NAM_S0045_279.wav,bo2 kə1w ɗyə6c kɔn ŋyə2j ɗyə ve2 nuəj t̪y2 keɜc t̪en nam ŋi2n nam,model1_wav2vec2_vi,-0.0276,-2.9742,
DNL_Nu_6_S0007_97,audio_data/private_test/DNL_Nu_6_S0007_97.wav,haː2n saw ɛm laː2j kɔɜ ve4c t̪yɜc saw xi ɛm sɛ5 tuə6c baːɜw maː6,model1_wav2vec2_vi,-0.1214,-2.9881,
DNL_Nu_6_S0007_55,audio_data/private_test/DNL_Nu_6_S0007_55.wav,oj baː6n kaːɜ əːj,model1_wav2vec2_vi,-0.0366,-2.9655,
TQA_7_NAM_S0045_93,audio_data/private_test/TQA_7_NAM_S0045_93.wav,ɲy5ŋ kɔn zɔɜ ɲɛ6 laː2 ma6t̪ nyəɜc ho2 (en)aɪdəʊtə(vi) tʃaːw mi2ɲ zuŋ ɗo6ŋ,model1_wav2vec2_vi,-0.042,-2.9807,
DNL_Nu_6_S0007_61,audio_data/private_test/DNL_Nu_6_S0007_61.wav,baːw ɣəː2 suəɜj,model1_wav2vec2_vi,-0.0531,-2.9808,
TQA_7_NAM_S0045_63,audio_data/private_test/TQA_7_NAM_S0045_63.wav,kɔ4 ma6c seɲ tʃən ɗem,model1_wav2vec2_vi,-0.0347,-2.9551,
DNL_Nu_6_S0007_74,audio_data/private_test/DNL_Nu_6_S0007_74.wav,təːɜ kɔɜ baː6n aː2 baː6n ke4 ɗi,model1_wav2vec2_vi,-0.0338,-3.008,
TQA_7_NAM_S0045_217,audio_data/private_test/TQA_7_NAM_S0045_217.wav,t̪əː2 ɗo2 ɲɛɜ tʃin t̪e6t̪ baːɜw hiɛ6w muə2 swən saːŋ,model1_wav2vec2_vi,-0.0658,-2.9946,
TQA_7_NAM_S0045_149,audio_data/private_test/TQA_7_NAM_S0045_149.wav,kɔ2n tʃim yŋ kɔɜ mɔ4 vyə2 se yɜ ɛməː2 ðe7 vyə2 saɜc ɗe4 baɜt̪ vaː2 sɛɜ kɔn mu2j,model1_wav2vec2_vi,-0.0199,-2.9859,
TQA_7_NAM_S0045_40,audio_data/private_test/TQA_7_NAM_S0045_40.wav,kɔ4 maː2c seɲ tʃən ɗem,model1_wav2vec2_vi,-0.0422,-2.9781,
TQA_7_NAM_S0045_201,audio_data/private_test/TQA_7_NAM_S0045_201.wav,bɛ ɗoɜj vəːɜj hwaː haːj kə6w kə2m zaːw,model1_wav2vec2_vi,-0.0275,-2.9684,
TQA_7_NAM_S0045_92,audio_data/private_test/TQA_7_NAM_S0045_92.wav,tʃiɜn zy2ŋ t̪əɪ ŋwiɛn,model1_wav2vec2_vi,-0.0667,-2.9712,
TQA_7_NAM_S0045_119,audio_data/private_test/TQA_7_NAM_S0045_119.wav,tiɛn ŋaː kɔɜ bo6 loŋ tʃaɜŋ muəɜt̪ tʃiɛɜc ko4 zaː2j tyə2ŋ swiɛn bəːj lo6j kweɲ ho2,model1_wav2vec2_vi,-0.0239,-2.9852,
TQA_7_NAM_S0045_65,audio_data/private_test/TQA_7_NAM_S0045_65.wav,kəɪ kaːm vaː2ŋ ten tʃaːɜj,model1_wav2vec2_vi,-0.0449,-2.9723,
DNL_Nu_6_S0007_18,audio_data/private_test/DNL_Nu_6_S0007_18.wav,teɜ laː2 ba2ŋ kəɪ t̪o6j ɗaɜt̪ ɲo len,model1_wav2vec2_vi,-0.0278,-2.9578,
DNL_Nu_6_S0007_98,audio_data/private_test/DNL_Nu_6_S0007_98.wav,baː6n vyə2 ŋɛ sɔŋ kə1w kə1w tʃwiɛ6n t̪oɜ ki2 t̪uɜn xoŋ,model1_wav2vec2_vi,-0.0261,-2.9682,
DNL_Nu_6_S0007_4,audio_data/private_test/DNL_Nu_6_S0007_4.wav,ɗe4 t̪əːɜ ɗɔ6k tʃyəɜc baː6n ɲaː,model1_wav2vec2_vi,-0.0201,-2.9724,
DNL_Nu_6_S0007_83,audio_data/private_test/DNL_Nu_6_S0007_83.wav,tʃɔŋ kuə6c ti və6n t̪aj ɣəɜw kɔn,model1_wav2vec2_vi,-0.0612,-2.954,
DNL_Nu_6_S0007_68,audio_data/private_test/DNL_Nu_6_S0007_68.wav,ɗuɜŋ zo2j ɗəɪɜ maː2aː2,model1_wav2vec2_vi,-0.0341,-2.9948,
TQA_7_NAM_S0045_267,audio_data/private_test/TQA_7_NAM_S0045_267.wav,baː2j təː t̪aː4 zaːɜŋ vɛ4 kuə4 mo5j lwaː2j tʃim ɗeɜn bəː2 tʃɛ xaːɜc ɲaw ɲy teɜ naː2w,model1_wav2vec2_vi,-0.0258,-2.9987,
TQA_7_NAM_S0045_52,audio_data/private_test/TQA_7_NAM_S0045_52.wav,tʃɔt̪ iɜ ɗuɜŋ,model1_wav2vec2_vi,-0.0592,-2.9698,
TQA_7_NAM_S0045_83,audio_data/private_test/TQA_7_NAM_S0045_83.wav,seɜp kaːɜc t̪y2 ŋəː5aː saw vaː2w fu6t̪ ɲɔɜm tiɜc həː6p,model1_wav2vec2_vi,-0.0779,-2.9686,
DNL_Nu_6_S0007_104,audio_data/private_test/DNL_Nu_6_S0007_104.wav,tʃɔŋ kuə6c ti lɛw kəɪ aːj taɜŋ,model1_wav2vec2_vi,-0.0395,-2.9911,
TQA_7_NAM_S0045_278,audio_data/private_test/TQA_7_NAM_S0045_278.wav,bo2 kə1w t̪uŋ kaːɜj t̪o4 t̪iɛn bo2 kə1w ɲaː2 laː2 lwaː2j bo2 koŋ muɜj tʃwiɛn laː2m t̪o4 tʃen veɜc ɗaːɜ,model1_wav2vec2_vi,-0.0327,-2.9728,
DNL_Nu_6_S0007_3,audio_data/private_test/DNL_Nu_6_S0007_3.wav,tʃuɜŋ mi2ɲ ku2ŋ ɣɔ6k baː2j haː6t̪ na2ŋ ɗeɜ kɔn ɲɛɜ,model1_wav2vec2_vi,-0.0614,-2.9554,
DNL_Nu_6_S0007_76,audio_data/private_test/DNL_Nu_6_S0007_76.wav,toj maː2,model1_wav2vec2_vi,-0.0754,-2.9878,
TQA_7_NAM_S0045_39,audio_data/private_test/TQA_7_NAM_S0045_39.wav,zu4 muə2 swən ku2ŋ ve2,model1_wav2vec2_vi,-0.0409,-2.9999,
TQA_7_NAM_S0045_172,audio_data/private_test/TQA_7_NAM_S0045_172.wav,ɗɛm ve2 bɔ4 bɔ2 lo2ŋ səːn kaː kɔn sehaɜt,model1_wav2vec2_vi,-0.0391,-2.9531,
TQA_7_NAM_S0045_17,audio_data/private_test/TQA_7_NAM_S0045_17.wav,hi2ɲ e4ɲ soɜ xaːj laː2 kɔn tʃim ɣaɜj khwe əːj kə6w tʃaː4 ləː2j ɗəɜ,model1_wav2vec2_vi,-0.0501,-3.003,
TQA_7_NAM_S0045_283,audio_data/private_test/TQA_7_NAM_S0045_283.wav,xi tʃim nɔn məːɜj zaː ɗəː2j boɜ mɛ6 xoŋ bəːɜm mo2j maː2 bəːɜm syə5 tʃyəɜ tʃaŋ ziɛ2w tʃɔ kɔn,model1_wav2vec2_vi,-0.0286,-2.9853,
DNL_Nu_6_S0007_70,audio_data/private_test/DNL_Nu_6_S0007_70.wav,tɛw t̪əːɜ hi2ɲ tʃim baj tʃen tʃəː2j,model1_wav2vec2_vi,-0.0382,-2.9618,
TQA_7_NAM_S0045_165,audio_data/private_test/TQA_7_NAM_S0045_165.wav,kuɜc suŋ syəɜŋ xon t̪aː4 tʃi2m vɛɜw hɔn maː5j zo2j məːɜj baj ve2 bo6w tʃəː2j seɲ ta4ŋ,model1_wav2vec2_vi,-0.0447,-2.9723,
TQA_7_NAM_S0045_185,audio_data/private_test/TQA_7_NAM_S0045_185.wav,kɔ2n boŋ hwaː zaːɜ laː2 kaːɜc kə6w ɗy2ŋ maɜt̪ nɔɜ te,model1_wav2vec2_vi,-0.0513,-2.9919,
DNL_Nu_6_S0007_8,audio_data/private_test/DNL_Nu_6_S0007_8.wav,ɣɔɜ taːn kuə4 ɣəː6t̪ ŋyə2j t̪a6c boŋ hoɜŋ tʃyəɜc xoŋ zaː4m əɜn,model1_wav2vec2_vi,-0.0764,-2.9611,
TQA_7_NAM_S0045_168,audio_data/private_test/TQA_7_NAM_S0045_168.wav,ti2 zaː sən kaː ɗaː5 bi6 ɲoɜt̪ tʃɔŋ lo2ŋ,model1_wav2vec2_vi,-0.0191,-2.996,
TQA_7_NAM_S0045_3,audio_data/private_test/TQA_7_NAM_S0045_3.wav,t̪əːɜ məː2j hən tʃaː4 ləː2j,model1_wav2vec2_vi,-0.0293,-2.9447,
DNL_Nu_6_S0007_24,audio_data/private_test/DNL_Nu_6_S0007_24.wav,(en)dʒiːəʊ(vi) baː6n bɔŋ ho2ŋ ɗyə6c taː4 haː6n naɜm an t̪iɜɲ haj zuɜp haː6 laːɜ kəɪ la4jh naɜm,model1_wav2vec2_vi,-0.0491,-2.9572,
TQA_7_NAM_S0045_248,audio_data/private_test/TQA_7_NAM_S0045_248.wav,ɗyɜŋ ɲi2n maj mɔɜŋ,model1_wav2vec2_vi,-0.0643,-2.9898,
TQA_7_NAM_S0045_228,audio_data/private_test/TQA_7_NAM_S0045_228.wav,tʃiɜɲ laː2 tʃim kuɜ mɛ2w,model1_wav2vec2_vi,-0.0181,-2.9772,
TQA_7_NAM_S0045_203,audio_data/private_test/TQA_7_NAM_S0045_203.wav,aː maː2 xoŋ kə2n biɛɜt̪ boŋ hwaː ɗaːŋ tʃəː4 nen zəɜt̪ ɗɛ6p,model1_wav2vec2_vi,-0.0371,-2.9725,
TQA_7_NAM_S0045_218,audio_data/private_test/TQA_7_NAM_S0045_218.wav,hən kə6w tʃaː4 ləː2j zuɜp t̪əːɜ,model1_wav2vec2_vi,-0.0364,-2.9794,
TQA_7_NAM_S0045_86,audio_data/private_test/TQA_7_NAM_S0045_86.wav,t̪əː2 sɛ5 saɜp seɜp ɲy saw,model1_wav2vec2_vi,-0.0603,-2.991,
TQA_7_NAM_S0045_34,audio_data/private_test/TQA_7_NAM_S0045_34.wav,ɗyə6c toj t̪əːɜ ɗɔ6k ɲɛɜ,model1_wav2vec2_vi,-0.0284,-2.9592,
DNL_Nu_6_S0007_6,audio_data/private_test/DNL_Nu_6_S0007_6.wav,mɛ6 ma6t̪ tʃəː2j taː4 haː6t̪ naɜŋ suəɜŋ t̪əɜt̪ tʃəːj,model1_wav2vec2_vi,-0.0353,-2.9439,
TQA_7_NAM_S0045_87,audio_data/private_test/TQA_7_NAM_S0045_87.wav,t̪y2 ŋy5 tʃi4 sy6 və6t̪ laː2 tʃim ɛɜn hwaː keɜɲ mə2m nɔn,model1_wav2vec2_vi,-0.0223,-2.9681,
TQA_7_NAM_S0045_269,audio_data/private_test/TQA_7_NAM_S0045_269.wav,ɣɛɜt̪ ɗuɜŋ laː2 aː noɜj vəːɜj haːj ɗaː2n kɔɜ haː6 keɜɲ zɛw my2ŋ,model1_wav2vec2_vi,-0.0227,-2.957,
TQA_7_NAM_S0045_262,audio_data/private_test/TQA_7_NAM_S0045_262.wav,kə1w təː naː2w tʃɔ təɪɜ bəː2 tʃeaː zəɜt̪ vuj xi kɔɜ xaɜt̪ ɗeɜn,model1_wav2vec2_vi,-0.0353,-2.9854,
TQA_7_NAM_S0045_266,audio_data/private_test/TQA_7_NAM_S0045_266.wav,nəː4 ɗəɪ2 hwaː tʃaɜŋ,model1_wav2vec2_vi,-0.0166,-2.995,
TQA_7_NAM_S0045_35,audio_data/private_test/TQA_7_NAM_S0045_35.wav,siɛ ɛɜn,model1_wav2vec2_vi,-0.0978,-2.93,
DNL_Nu_6_S0007_72,audio_data/private_test/DNL_Nu_6_S0007_72.wav,baː6n vaː2 t̪oɜ təɪɜ kaːɜ vaː2 tʃim ku2ŋ ɗi tʃəːj nyə5 ɗɔɜ,model1_wav2vec2_vi,-0.028,-2.9925,
TQA_7_NAM_S0045_101,audio_data/private_test/TQA_7_NAM_S0045_101.wav,t̪y2 tʃen ne2n tʃəː2j seɲ ta4m zoɜŋ ɲy kɔɜ haː2ŋ tʃam tʃiɛɜc,model1_wav2vec2_vi,-0.0271,-2.9725,
TQA_7_NAM_S0045_181,audio_data/private_test/TQA_7_NAM_S0045_181.wav,saːɜŋ hom saw təɪɜ səːn kaː ɗaː5 tʃeɜt̪,model1_wav2vec2_vi,-0.0322,-2.9708,
TQA_7_NAM_S0045_32,audio_data/private_test/TQA_7_NAM_S0045_32.wav,aː2 hi2ɲ e4ɲ soɜ myə2j laː2 kɔn tʃim mi2ɲ bi6p zaːɜc,model1_wav2vec2_vi,-0.059,-2.9633,
TQA_7_NAM_S0045_231,audio_data/private_test/TQA_7_NAM_S0045_231.wav,tɛw kaːɜc kə6w kaːɜc lwaː2j tʃi maːŋ ɗeɜn ləː6j iɜc zi2 tʃɔ kɔn ŋyə2j,model1_wav2vec2_vi,-0.0157,-2.9877,
TQA_7_NAM_S0045_154,audio_data/private_test/TQA_7_NAM_S0045_154.wav,neɜw təɪɜ ŋwi hiɛ4m kɔɜ kɔɜ te4 baj ɗi tʃoɜn tə6t̪ ɲeɲ,model1_wav2vec2_vi,-0.0304,-2.9853,
TQA_7_NAM_S0045_116,audio_data/private_test/TQA_7_NAM_S0045_116.wav,zyə6 tɛw baː2j ɗɔ6k ha5j t̪aː4 laː6j hi2ɲ e4ɲ kuə4 mo6t̪ lwaː2j tʃim maː2 kaːɜc baː6n tiɜc ɲɛ5,model1_wav2vec2_vi,-0.0313,-2.9918,
TQA_7_NAM_S0045_178,audio_data/private_test/TQA_7_NAM_S0045_178.wav,ɗem əɪɜ son kaː lyə2 ɗəː2j,model1_wav2vec2_vi,-0.027,-2.9775,
TQA_7_NAM_S0045_192,audio_data/private_test/TQA_7_NAM_S0045_192.wav,nɔɜ sɔ2 ɲy5ŋ keɜɲ tʃaɜŋ t̪yəj t̪aɜn ɗɔ6t̪ naɜŋ ma6t̪ tʃəː2j vaː2 suŋ syəɜŋ həːn t̪aː4 xi ŋɛ səːn kaː ɣaːɜt̪,model1_wav2vec2_vi,-0.0232,-2.9993,
TQA_7_NAM_S0045_164,audio_data/private_test/TQA_7_NAM_S0045_164.wav,kuɜc əːj koɜk siɲ sa5n laː2m saːw,model1_wav2vec2_vi,-0.0337,-2.969,
TQA_7_NAM_S0045_171,audio_data/private_test/TQA_7_NAM_S0045_171.wav,bo5ŋ kɔɜ haːj kə6w bɛɜ ɗi vaː2w byə2n kaɜt̪ kaː4 ɗaːɜm kɔ4 za6j lə5n boŋ kuɜc,model1_wav2vec2_vi,-0.0229,-2.9691,
TQA_7_NAM_S0045_10,audio_data/private_test/TQA_7_NAM_S0045_10.wav,bɛɜ əːj heɲ tʃaː4 ləː2j ho6 t̪əːɜ,model1_wav2vec2_vi,-0.1064,-2.95,
DNL_Nu_6_S0007_101,audio_data/private_test/DNL_Nu_6_S0007_101.wav,tʃaw kuə4 fim tʃa6j baːɜw taɜŋ haːj tyə,model1_wav2vec2_vi,-0.0426,-2.9721,
DNL_Nu_6_S0007_59,audio_data/private_test/DNL_Nu_6_S0007_59.wav,kaː2j,model1_wav2vec2_vi,-0.0862,-2.9757,
TQA_7_NAM_S0045_227,audio_data/private_test/TQA_7_NAM_S0045_227.wav,xaː4w əːj kə6w tʃaː4 ləː2j ko6 t̪yɜ,model1_wav2vec2_vi,-0.067,-2.951,
DNL_Nu_6_S0007_37,audio_data/private_test/DNL_Nu_6_S0007_37.wav,oj maː6n kaːɜ əːj,model1_wav2vec2_vi,-0.0424,-2.995,
TQA_7_NAM_S0045_105,audio_data/private_test/TQA_7_NAM_S0045_105.wav,taː4w əːj kə6w ɗɔ6k ɗwaː6n baː ɗi,model1_wav2vec2_vi,-0.0311,-2.974,
TQA_7_NAM_S0045_152,audio_data/private_test/TQA_7_NAM_S0045_152.wav,neɜw nɔɜ na2m hɔ4ŋ suəɜŋ ti2 ɗyɜŋ vəɪ6 sɛ5 zəɜt̪ xɔɜ xan,model1_wav2vec2_vi,-0.0225,-3.0013,
TQA_7_NAM_S0045_2,audio_data/private_test/TQA_7_NAM_S0045_2.wav,t̪əːɜ ɗoɜ kaːɜc kə6w tʃyəɜc hi2ɲ e4ɲ soɜ mo6t̪ laː2 tʃim zi2 vəɪ6,model1_wav2vec2_vi,-0.0306,-2.9779,
DNL_Nu_6_S0007_73,audio_data/private_test/DNL_Nu_6_S0007_73.wav,viɛ6t̪ naːm əːj baː6n kɔɜ muəɜn ŋɛ mu4 kə1w tʃwiɛ6n xoŋ,model1_wav2vec2_vi,-0.0169,-2.9824,
DNL_Nu_6_S0007_5,audio_data/private_test/DNL_Nu_6_S0007_5.wav,ta6t̪ na6ŋ bɛɜ kɔn,model1_wav2vec2_vi,-0.0417,-2.9764,
TQA_7_NAM_S0045_19,audio_data/private_test/TQA_7_NAM_S0045_19.wav,bəɪ zəː2 t̪əːɜ məː2j baː6n həːn tʃaː4 ləː2j byɜc tʃeɲ soɜ boɜn,model1_wav2vec2_vi,-0.0415,-2.9445,
TQA_7_NAM_S0045_134,audio_data/private_test/TQA_7_NAM_S0045_134.wav,t̪e2m bo6 fə6n kə1w tʃaː4 ləː2j tʃɔ kə1w hɔ4j əː4 ɗə1w,model1_wav2vec2_vi,-0.0247,-2.9624,
DNL_Nu_6_S0007_86,audio_data/private_test/DNL_Nu_6_S0007_86.wav,ŋa2j maːj kɔɜ kuə6c kuə6c kuə4 le5 tiɛ4w ɲi,model1_wav2vec2_vi,-0.053,-2.9547,
TQA_7_NAM_S0045_72,audio_data/private_test/TQA_7_NAM_S0045_72.wav,kaː4m əːn baː6n ɗaː5 ve2 ɗəɪ tʃəːj ku2ŋ tʃuɜŋ t̪oj,model1_wav2vec2_vi,-0.0193,-2.9725,
DNL_Nu_6_S0007_315,audio_data/private_test/DNL_Nu_6_S0007_315.wav,mo6j laː2n vy2n ku5ŋ ɗy6c vəː5 ŋaːɜc tyəŋ,model1_wav2vec2_vi,-0.0756,-2.9915,
TQA_7_NAM_S0045_49,audio_data/private_test/TQA_7_NAM_S0045_49.wav,xi ləːɜn tem mo6t̪ t̪uə4j,model1_wav2vec2_vi,-0.0386,-2.9715,
DNL_Nu_6_S0007_67,audio_data/private_test/DNL_Nu_6_S0007_67.wav,aː2 təː2 te2ɲ kaː4m əːn zyə2 suəɜj kə6w aː,model1_wav2vec2_vi,-0.0669,-2.965,
TQA_7_NAM_S0045_94,audio_data/private_test/TQA_7_NAM_S0045_94.wav,bə2w tʃəː2j tʃɔŋ seɲ saː bɔɜŋ suəɜŋ ɗaɜj ho4,model1_wav2vec2_vi,-0.028,-2.9843,
DNL_Nu_6_S0007_12,audio_data/private_test/DNL_Nu_6_S0007_12.wav,ɗe4 t̪əːɜj ɗe4 t̪əːɜj ɗɔ6k laː6j baː6n ɲɛ ɲɛɜ,model1_wav2vec2_vi,-0.0242,-2.9663,
TQA_7_NAM_S0045_163,audio_data/private_test/TQA_7_NAM_S0045_163.wav,mo6t̪ tʃuɜ sən kaː saː4 suəɜŋ hwaːɜt̪ tʃy2ŋ,model1_wav2vec2_vi,-0.0438,-2.9892,
TQA_7_NAM_S0045_211,audio_data/private_test/TQA_7_NAM_S0045_211.wav,kaː4 tʃim vaː2 hwaː ku2ŋ t̪o ɗiɛ4m tʃɔ kuə6c soɜŋ tʃəː4 nen t̪yəj ɗɛ6p həːn,model1_wav2vec2_vi,-0.0105,-2.966,
TQA_7_NAM_S0045_6,audio_data/private_test/TQA_7_NAM_S0045_6.wav,kə6w əːj taː4w əːj kə6w kɔɜ te4 tʃaː4 ləː2j ha6 t̪əːɜj xoŋ,model1_wav2vec2_vi,-0.054,-2.9396,
TQA_7_NAM_S0045_177,audio_data/private_test/TQA_7_NAM_S0045_177.wav,t̪əːɜj zo2j tʃa4ŋ aːj tʃɔ kɔn xim xoɜn xo4 mo6t̪ zɔ6t̪ nyəɜc,model1_wav2vec2_vi,-0.0253,-2.969,
DNL_Nu_6_S0007_29,audio_data/private_test/DNL_Nu_6_S0007_29.wav,ɗe4n t̪əːɜj ɗo6k baː6n ɲɛ naː2w,model1_wav2vec2_vi,-0.0348,-2.9933,
TQA_7_NAM_S0045_226,audio_data/private_test/TQA_7_NAM_S0045_226.wav,tʃim zi2 zoɜw mə6t̪ mɛ2w an ɗɛn tʃwiɛn baɜc tʃuə6t̪ vəɪ6 ɗaːɜp kə6w,model1_wav2vec2_vi,-0.0718,-2.9972,
TQA_7_NAM_S0045_159,audio_data/private_test/TQA_7_NAM_S0045_159.wav,se haɜt uɜ ðe7 mi2ɲ laː6j ɗɔ6k baː2j ɗɔ6k tʃim səːn kaː vaː2w boŋ kuɜc tʃa4ŋ ɲɛɜ,model1_wav2vec2_vi,-0.0303,-2.9981,
DNL_Nu_6_S0007_48,audio_data/private_test/DNL_Nu_6_S0007_48.wav,t̪əːɜj ɗɔ6k laː6j lə2n nyə5 tʃuɜŋ mi2ɲ ku5ŋ ŋɛ ɲheɜt̪,model1_wav2vec2_vi,-0.0386,-2.9803,
TQA_7_NAM_S0045_175,audio_data/private_test/TQA_7_NAM_S0045_175.wav,koɜk t̪waː4 hyəŋ təm ŋaː2w ŋaː6t̪ aːn u4j tʃi səːn kaː,model1_wav2vec2_vi,-0.0528,-2.9479,
TQA_7_NAM_S0045_138,audio_data/private_test/TQA_7_NAM_S0045_138.wav,e4ɲ aːɜ bo6 fə6n in ɗə6m laː2 bo6 fə6n tʃaː4 ləː2j tʃɔ kə1w hɔ4j əː4 ɗə1w,model1_wav2vec2_vi,-0.0213,-3.0032,
TQA_7_NAM_S0045_169,audio_data/private_test/TQA_7_NAM_S0045_169.wav,boŋ kuɜc muəɜn kiɜw tʃim ɲyŋ tʃa4ŋ laː2m ɗyə6c zi2,model1_wav2vec2_vi,-0.0247,-2.9944,
TQA_7_NAM_S0045_89,audio_data/private_test/TQA_7_NAM_S0045_89.wav,saw ɗəɪ t̪əːɜ vaː2 kaːɜc kə6w sɛ5 ku2ŋ ɗɔ6k baː2j tʃi vəːɜj ɗy2ŋ t̪əɪ ŋwiɛn,model1_wav2vec2_vi,-0.0294,-2.9744,
DNL_Nu_6_S0007_82,audio_data/private_test/DNL_Nu_6_S0007_82.wav,baː2w kɔn zəɜt̪ buə2n,model1_wav2vec2_vi,-0.042,-2.969,
TQA_7_NAM_S0045_55,audio_data/private_test/TQA_7_NAM_S0045_55.wav,sɛ tʃim ɛɜn ve2 ɗe4 məː4 ho6j swən,model1_wav2vec2_vi,-0.021,-2.9816,
TQA_7_NAM_S0045_225,audio_data/private_test/TQA_7_NAM_S0045_225.wav,ɗɔɜ laː2 tʃim bo2 kə1w,model1_wav2vec2_vi,-0.0315,-2.9817,
TQA_7_NAM_S0045_132,audio_data/private_test/TQA_7_NAM_S0045_132.wav,tɛw t̪əːɜ bo6 fə6n im ɗa6m tʃɔŋ ɲy5ŋ kə1w tʃen tʃaː4 ləː2j tʃɔ kə1w hɔ4j əː4 ɗə1w,model1_wav2vec2_vi,-0.0252,-2.9695,
DNL_Nu_6_S0007_102,audio_data/private_test/DNL_Nu_6_S0007_102.wav,taːɜj ɗo6 kuə4 baː2 teɜ naː2w,model1_wav2vec2_vi,-0.0338,-2.9863,
DNL_Nu_6_S0007_100,audio_data/private_test/DNL_Nu_6_S0007_100.wav,ɗəː6c təɪ2 zəː2 zaː tʃəːj baɜw kɔn zaː ŋwaː2j sən tʃəːj vəːɜj kaːɜc baː6n,model1_wav2vec2_vi,-0.041,-2.9822,
TQA_7_NAM_S0045_253,audio_data/private_test/TQA_7_NAM_S0045_253.wav,ɗə6w vaː2w tʃo5 ku5,model1_wav2vec2_vi,-0.0147,-2.9773,
DNL_Nu_6_S0007_2,audio_data/private_test/DNL_Nu_6_S0007_2.wav,teɜ mi2ɲ təɪɜ zəː2 tʃuɜŋ mi2ɲ ɗɔ6k baː2j zi2 ɲɛ4,model1_wav2vec2_vi,-0.0415,-2.9913,
TQA_7_NAM_S0045_9,audio_data/private_test/TQA_7_NAM_S0045_9.wav,ɗɔɜ laː2 kwaː4 kaːɜc kə6w əːj hi2ɲ e4ɲ soɜ ba4j laː2 tʃim zi2 vəɪ6,model1_wav2vec2_vi,-0.014,-2.9928,
TQA_7_NAM_S0045_241,audio_data/private_test/TQA_7_NAM_S0045_241.wav,bəː2 tʃɛ kweɲ to4 suəɜt̪ ŋa2j ɗɔɜn xaɜc,model1_wav2vec2_vi,-0.0366,-2.9982,
TQA_7_NAM_S0045_184,audio_data/private_test/TQA_7_NAM_S0045_184.wav,kaːɜc kə6w ɗaː5 ɗɛ4 ma6t̪ nɔɜ tʃeɜt̪ vi2 ɗɔ2j xaːɜc,model1_wav2vec2_vi,-0.0229,-2.9783,
DNL_Nu_6_S0007_85,audio_data/private_test/DNL_Nu_6_S0007_85.wav,həɪ2 veɜ ma6t̪ kuə4 baːn haj veɜ ma6t̪ kuə4 baːɜw təɪ2 ŋu4 ɲəː2 ɲəː2 baː2w kɔn laː2,model1_wav2vec2_vi,-0.0459,-2.9642,
TQA_7_NAM_S0045_139,audio_data/private_test/TQA_7_NAM_S0045_139.wav,haː ɗaː6j baː2ŋ tʃaːw lyə6n tʃen ne2n tʃəː2j seɲ taɜm,model1_wav2vec2_vi,-0.0351,-2.9778,
TQA_7_NAM_S0045_213,audio_data/private_test/TQA_7_NAM_S0045_213.wav,xwe əːj kə6w muəɜn nɔɜj zi2,model1_wav2vec2_vi,-0.021,-2.9902,
DNL_Nu_6_S0007_20,audio_data/private_test/DNL_Nu_6_S0007_20.wav,vəɪ6 tɛw baː6n laːn ti2 ɗɛ6p ma6t̪ tʃəː2 t̪yə4n haː6t̪ naɜŋ an u4j həːi taː4n haː2n naɜŋ kuɜŋ ɗəɜt̪ tʃəːj,model1_wav2vec2_vi,-0.0538,-2.9776,
TQA_7_NAM_S0045_252,audio_data/private_test/TQA_7_NAM_S0045_252.wav,tʃuɜ vu4 baj len,model1_wav2vec2_vi,-0.0463,-2.9908,
TQA_7_NAM_S0045_4,audio_data/private_test/TQA_7_NAM_S0045_4.wav,aː ɗɔɜ laː2 tʃin keɜɲ ko6t̪ ɗɔɜ xwe,model1_wav2vec2_vi,-0.0985,-2.9679,
TQA_7_NAM_S0045_246,audio_data/private_test/TQA_7_NAM_S0045_246.wav,ɗeɜn tʃəːj im laː6n,model1_wav2vec2_vi,-0.0288,-2.9849,
TQA_7_NAM_S0045_25,audio_data/private_test/TQA_7_NAM_S0045_25.wav,vəɪ6 ten əːj ɲyŋ kə6w kɔɜ biɛɜt̪ hi2ɲ e4ɲ soɜ ba4j laː2 kɔn tʃi ti2 xoŋ,model1_wav2vec2_vi,-0.0636,-2.9771,
TQA_7_NAM_S0045_128,audio_data/private_test/TQA_7_NAM_S0045_128.wav,aː2 xo4 i zo paːw əː4 t̪əɪ ŋwiɛn,model1_wav2vec2_vi,-0.0548,-2.944,
TQA_7_NAM_S0045_80,audio_data/private_test/TQA_7_NAM_S0045_80.wav,kə6w ma2w seɲ əː4 tʃen ɗe,model1_wav2vec2_vi,-0.0399,-3.0005,
DNL_Nu_6_S0007_7,audio_data/private_test/DNL_Nu_6_S0007_7.wav,haː6t̪ naɜŋ ɣa6p buŋ xo2ŋ bi6 t̪əɪ5 ke4ɲ ɗaːŋ zu6t̪ mu2j xɔɜk,model1_wav2vec2_vi,-0.0298,-2.9689,
TQA_7_NAM_S0045_30,audio_data/private_test/TQA_7_NAM_S0045_30.wav,aː2 hi2ɲ e4ɲ soɜ tʃiɜn laː2 kɔn tʃim vaː2ŋ eɲ bəɪ zəː2 ɗeɜn hən ɗəɪɜ,model1_wav2vec2_vi,-0.0405,-2.9682,
TQA_7_NAM_S0045_208,audio_data/private_test/TQA_7_NAM_S0045_208.wav,kə6w muəɜn kə6w muəɜn nɔɜj zi2 vəːɜj kaːɜc baː6n əɪɜ,model1_wav2vec2_vi,-0.024,-2.9885,
TQA_7_NAM_S0045_60,audio_data/private_test/TQA_7_NAM_S0045_60.wav,kə6w tʃaː4 ləː2j ɗi,model1_wav2vec2_vi,-0.0144,-2.9844,
TQA_7_NAM_S0045_22,audio_data/private_test/TQA_7_NAM_S0045_22.wav,məːɜt̪ xe2ɲ tyɜ nam laː2 kɔn bɔɜj kaːɜ,model1_wav2vec2_vi,-0.051,-2.9854,
TQA_7_NAM_S0045_29,audio_data/private_test/TQA_7_NAM_S0045_29.wav,ɔ6k xwe əːj kə6w tʃaː4 ləː2j zuɜp t̪əːɜ hi2ɲ e4ɲ soɜ tʃiɜn ɗi,model1_wav2vec2_vi,-0.0548,-2.9816,
TQA_7_NAM_S0045_236,audio_data/private_test/TQA_7_NAM_S0045_236.wav,kuŋ kəɜp ŋuə2n ty6c fə4m tʃɔ kɔn ŋyə2j,model1_wav2vec2_vi,-0.0239,-2.957,
TQA_7_NAM_S0045_97,audio_data/private_test/TQA_7_NAM_S0045_97.wav,nəːj ɗəɪ kəɜt̪ len ɲy5ŋ t̪iɛ4n tʃim ziɛ2w (en)ɹɪk(vi),model1_wav2vec2_vi,-0.0519,-2.9815,
DNL_Nu_6_S0007_33,audio_data/private_test/DNL_Nu_6_S0007_33.wav,sim kɔɜ biɛɜt̪ bəːj,model1_wav2vec2_vi,-0.0597,-2.9809,
TQA_7_NAM_S0045_224,audio_data/private_test/TQA_7_NAM_S0045_224.wav,xwɛ əːn kə6w tʃaː4 ləː2j ɗi,model1_wav2vec2_vi,-0.0441,-2.9767,
TQA_7_NAM_S0045_111,audio_data/private_test/TQA_7_NAM_S0045_111.wav,ɲy5ŋ ɗə2w ŋy5 kaː4m vɛ4 ɗɛ6p kuə4 ma6t̪ ho2 (en)ɪɹɒpəl(vi) laː2 tʃaː mi2ɲ zuŋ ɗo6ŋ,model1_wav2vec2_vi,-0.0427,-2.9585,
TQA_7_NAM_S0045_78,audio_data/private_test/TQA_7_NAM_S0045_78.wav,taː4w əːj kə6w tʃaː4 ləː2j zuɜp t̪oj ɲɛɜ,model1_wav2vec2_vi,-0.0298,-2.9766,
TQA_7_NAM_S0045_243,audio_data/private_test/TQA_7_NAM_S0045_243.wav,haː6n keɜɲ lɛw my2ŋ,model1_wav2vec2_vi,-0.0631,-2.9635,
TQA_7_NAM_S0045_288,audio_data/private_test/TQA_7_NAM_S0045_288.wav,vi2 teɜ t̪y2 syə ŋyə2j t̪aː ɗaː5 hwəɜn lwiɛ6n bu2 kə1w ɗe4 ɗyə ty,model1_wav2vec2_vi,-0.0237,-2.9778,
TQA_7_NAM_S0045_274,audio_data/private_test/TQA_7_NAM_S0045_274.wav,kə1w təː naː2w tʃɔ təɪɜ bəɪ2 xim ku zəɜt̪ tiɜc bəː2 tɛ,model1_wav2vec2_vi,-0.0372,-3.0065,
TQA_7_NAM_S0045_285,audio_data/private_test/TQA_7_NAM_S0045_285.wav,tʃuɜŋ kɔɜ te4 baj saː t̪əːɜj mo6t̪ ŋi2n t̪aːɜm tʃam (en)kaɪləʊ(vi) mɛɜt̪,model1_wav2vec2_vi,-0.0289,-2.991,
DNL_Nu_6_S0007_38,audio_data/private_test/DNL_Nu_6_S0007_38.wav,tʃiɜn xoŋ biɛɜt̪ ɗoj,model1_wav2vec2_vi,-0.1829,-2.9996,
DNL_Nu_6_S0007_66,audio_data/private_test/DNL_Nu_6_S0007_66.wav,saw xi ɗɔ6k sɔŋ baː2j təː tɛw zaː6n ti2 kaːɜ əː4 ɗə1w ɲi4 ɗeɜn,model1_wav2vec2_vi,-0.0504,-2.9828,
DNL_Nu_6_S0007_14,audio_data/private_test/DNL_Nu_6_S0007_14.wav,viɛn ma6t̪ tʃəː2j taː4 haː6t̪ laːɜŋ suəɜŋ ɗəɜt̪ tʃəːj,model1_wav2vec2_vi,-0.0375,-2.9813,
TQA_7_NAM_S0045_284,audio_data/private_test/TQA_7_NAM_S0045_284.wav,vo6 kɔn zəɜt̪ toŋ miɲ,model1_wav2vec2_vi,-0.0268,-2.9693,
DNL_Nu_6_S0007_69,audio_data/private_test/DNL_Nu_6_S0007_69.wav,vəɪ6 tɛw viɛ6t̪ naːm ti2 tʃim əː4 ɗə1w,model1_wav2vec2_vi,-0.0121,-2.9758,
DNL_Nu_6_S0007_21,audio_data/private_test/DNL_Nu_6_S0007_21.wav,tɛw t̪əːɜ ti2 mɛ6 ma6t̪ tʃəː2j taː4 haː6t̪ maɜŋ suəɜŋ ɗəɜt̪ tʃəːj,model1_wav2vec2_vi,-0.0319,-2.9797,
TQA_7_NAM_S0045_68,audio_data/private_test/TQA_7_NAM_S0045_68.wav,t̪əːɜ məː2j xwɛ xaː4n nəːj,model1_wav2vec2_vi,-0.0574,-2.931,
TQA_7_NAM_S0045_36,audio_data/private_test/TQA_7_NAM_S0045_36.wav,tʃim ɛ2n bəɜt̪ ɗi ɗə1w,model1_wav2vec2_vi,-0.0328,-2.9865,
TQA_7_NAM_S0045_46,audio_data/private_test/TQA_7_NAM_S0045_46.wav,ɗeɜn baj tʃaː2w keɜɲ vəɪ5,model1_wav2vec2_vi,-0.0498,-2.9658,
TQA_7_NAM_S0045_118,audio_data/private_test/TQA_7_NAM_S0045_118.wav,t̪əːɜ tiɜc lwaː2j fim tiɛn ŋaː,model1_wav2vec2_vi,-0.0571,-2.9863,
DNL_Nu_6_S0007_15,audio_data/private_test/DNL_Nu_6_S0007_15.wav,haː6t̪ naɜŋ ɣa6p boŋ hɔ2ŋ bi6 ɣa5j ke4ɲ ɗaːŋ u2n so6t̪ haɜp,model1_wav2vec2_vi,-0.0619,-2.9454,
TQA_7_NAM_S0045_44,audio_data/private_test/TQA_7_NAM_S0045_44.wav,tʃəː2j ɗaɜp nu6j myə zəːj,model1_wav2vec2_vi,-0.0447,-2.9571,
DNL_Nu_6_S0007_88,audio_data/private_test/DNL_Nu_6_S0007_88.wav,t̪aː2w kɔn laː2m viɛ6c baː2w kɔn ɗo2ŋ iɜ ni le6c təɪ2,model1_wav2vec2_vi,-0.0375,-2.9641,
TQA_7_NAM_S0045_76,audio_data/private_test/TQA_7_NAM_S0045_76.wav,be zaw suŋ se nyəŋ baːɜj,model1_wav2vec2_vi,-0.0549,-2.9822,
TQA_7_NAM_S0045_5,audio_data/private_test/TQA_7_NAM_S0045_5.wav,t̪əːɜ ɗɔɜ kaːɜc niɜt̪ hi2ɲ e4ɲ səɜw boɜn laː2 tʃim zi2 vəɪ6,model1_wav2vec2_vi,-0.0603,-2.9818,
TQA_7_NAM_S0045_70,audio_data/private_test/TQA_7_NAM_S0045_70.wav,ɔɜj muə2 swən əːj ɲəː2 kɔɜ baː6n maː2 kəɪ koɜj ɗəɜm tʃo2j na4j lo6k,model1_wav2vec2_vi,-0.0318,-2.9917,
TQA_7_NAM_S0045_259,audio_data/private_test/TQA_7_NAM_S0045_259.wav,xeɜc ɗeɜn bəː2 (en)tʃiː(vi) laː2 ɲy5ŋ lwaː2j tʃim naː2w,model1_wav2vec2_vi,-0.0572,-2.9626,
TQA_7_NAM_S0045_264,audio_data/private_test/TQA_7_NAM_S0045_264.wav,kə1w təː tʃɔ təɪɜ bəː2 tʃɛ zəɜt̪ vuj xi kɔɜ xeɜc ɗeɜn laː2,model1_wav2vec2_vi,-0.0202,-2.9894,
TQA_7_NAM_S0045_277,audio_data/private_test/TQA_7_NAM_S0045_277.wav,ɛm sin ɗɔ6k baː2j boɜ kə1w t̪uŋ keɜɲ,model1_wav2vec2_vi,-0.015,-2.983,
TQA_7_NAM_S0045_261,audio_data/private_test/TQA_7_NAM_S0045_261.wav,xeɜc ɗeɜn bəː2 tʃɛ laː2 ɲy5ŋ lwaː2j tʃim saw kɔ2 bo2n noŋ bɔ2j kaːɜ tʃim ku,model1_wav2vec2_vi,-0.035,-2.9719,
TQA_7_NAM_S0045_95,audio_data/private_test/TQA_7_NAM_S0045_95.wav,ma6c ho2 kaː2ŋ seɲ tem vaː2 ɲy zo6ŋ zaː meɜɲ moŋ,model1_wav2vec2_vi,-0.033,-2.9788,
TQA_7_NAM_S0045_48,audio_data/private_test/TQA_7_NAM_S0045_48.wav,tʃim əːj tʃim nɔɜj zi2,model1_wav2vec2_vi,-0.019,-2.9785,
DNL_Nu_6_S0007_103,audio_data/private_test/DNL_Nu_6_S0007_103.wav,tʃɔŋ kuə6c ti tʃa6j baːɜw taɜŋ vaː2 ta4ŋ kɔɜ taːɜj ɗo6 zəɜt̪ vuj,model1_wav2vec2_vi,-0.0206,-2.9716,
TQA_7_NAM_S0045_148,audio_data/private_test/TQA_7_NAM_S0045_148.wav,mɔ4 vɛ6t̪ xə2m xə2m ɲy kaːɜj sy2ŋ tʃəŋ vyə2 za2j vyə2 kyɜŋ zuɜp tʃuɜŋ ze5 zaː2ŋ mo4 vəː5 kaːɜc haː6t̪ kyɜŋ,model1_wav2vec2_vi,-0.0318,-2.9792,
DNL_Nu_6_S0007_27,audio_data/private_test/DNL_Nu_6_S0007_27.wav,saw ɗəɪ t̪əːɜ vaː6 vəːɜj baː6n ku2ŋ t̪i2m hiɛ4w ve2 kaːɜ vaː2 tʃim kwaː baː2j təː kaːɜ vaː2 tʃim ɲɛɜ,model1_wav2vec2_vi,-0.0176,-2.9813,
TQA_7_NAM_S0045_38,audio_data/private_test/TQA_7_NAM_S0045_38.wav,lwiɛ6n ba2j ŋy zə5n loɜj,model1_wav2vec2_vi,-0.0491,-3.0017,
TQA_7_NAM_S0045_7,audio_data/private_test/TQA_7_NAM_S0045_7.wav,hi2ɲ e4ɲ zo2j boɜn laː2 tʃim ɣɔ5c kiɛɜn,model1_wav2vec2_vi,-0.0563,-2.9803,
DNL_Nu_6_S0007_305,audio_data/private_test/DNL_Nu_6_S0007_305.wav,mo6j laː2n vyə2n ku5 ly6c ve5 haːɜc tyəŋ,model1_wav2vec2_vi,-0.0723,-2.982,
TQA_7_NAM_S0045_102,audio_data/private_test/TQA_7_NAM_S0045_102.wav,ɗaː2n ku2ŋ hwaː2 əm,model1_wav2vec2_vi,-0.0202,-2.9247,
TQA_7_NAM_S0045_133,audio_data/private_test/TQA_7_NAM_S0045_133.wav,kə6w tʃaː4 ləː2j tʃɔ t̪əːɜj kə1w na2j ɲɛɜ,model1_wav2vec2_vi,-0.0604,-2.9847,
DNL_Nu_6_S0007_105,audio_data/private_test/DNL_Nu_6_S0007_105.wav,taːɜj ɗo6k kuə4 baːɜw tʃiɜ naː2w,model1_wav2vec2_vi,-0.0527,-2.9353,
TQA_7_NAM_S0045_151,audio_data/private_test/TQA_7_NAM_S0045_151.wav,kɔɜ kɔɜ kəː te4 t̪yəŋ ɗoɜj ləːɜn,model1_wav2vec2_vi,-0.0227,-2.9615,
TQA_7_NAM_S0045_90,audio_data/private_test/TQA_7_NAM_S0045_90.wav,mo5j ŋyə2j ɗɔ4ŋ mo6t̪ lwaː6j ɲɛɜ,model1_wav2vec2_vi,-0.0305,-2.9437,
TQA_7_NAM_S0045_74,audio_data/private_test/TQA_7_NAM_S0045_74.wav,bo6 fə6n naː2w tʃɔŋ mo5j kə1w saw tʃaː4 ləː2j tʃɔ kə1w hɔ4j əː4 ɗə1w,model1_wav2vec2_vi,-0.0225,-2.997,
TQA_7_NAM_S0045_254,audio_data/private_test/TQA_7_NAM_S0045_254.wav,keɜ tʃəːj ɗoŋ ɗu4,model1_wav2vec2_vi,-0.0477,-2.9901,
TQA_7_NAM_S0045_107,audio_data/private_test/TQA_7_NAM_S0045_107.wav,ziɛɜw ziɛɜt̪ baj ɗeɜn t̪ə6w əː4 ɲy5ŋ bu6j kəɪ kweɲ foɜ,model1_wav2vec2_vi,-0.0336,-2.9702,
TQA_7_NAM_S0045_222,audio_data/private_test/TQA_7_NAM_S0045_222.wav,tʃim tʃen baɜt̪ sə1w ɗɔɜ laː2j tʃim sə1w,model1_wav2vec2_vi,-0.0556,-2.9954,
TQA_7_NAM_S0045_108,audio_data/private_test/TQA_7_NAM_S0045_108.wav,t̪iɛɜŋ hwaːɜt̪ lo6n vaːŋ kaː4 ma6t̪ nyəɜc,model1_wav2vec2_vi,-0.0319,-2.9735,
TQA_7_NAM_S0045_291,audio_data/private_test/TQA_7_NAM_S0045_291.wav,saw na2j ma6c zu2 ɗaː5 kɔɜ ɲy5ŋ fyəŋ t̪iɛ6n toŋ miɲ liɛn laː6c,model1_wav2vec2_vi,-0.0422,-2.9957,
DNL_Nu_6_S0007_52,audio_data/private_test/DNL_Nu_6_S0007_52.wav,suəɜŋ ɗəɪ maː2 tʃəːj,model1_wav2vec2_vi,-0.0365,-2.9825,
DNL_Nu_6_S0007_17,audio_data/private_test/DNL_Nu_6_S0007_17.wav,nɛ haː6t̪ na2m ti2 taː2n nɔɜ həːj aɜm suəɜŋ ɗən,model1_wav2vec2_vi,-0.0566,-2.9852,
TQA_7_NAM_S0045_197,audio_data/private_test/TQA_7_NAM_S0045_197.wav,xwe əːj kə1w tʃaː4 ləː2j zuɜp t̪əːɜj kə1w na2j ɲɛɜ,model1_wav2vec2_vi,-0.0552,-2.995,
DNL_Nu_6_S0007_31,audio_data/private_test/DNL_Nu_6_S0007_31.wav,i2 kaːɜ bəːj zyə2 tʃuə2 təɪɜ tʃin hɔɜt̪ tʃen kəɪ bɛ2n ŋu4,model1_wav2vec2_vi,-0.0863,-2.988,
DNL_Nu_6_S0007_22,audio_data/private_test/DNL_Nu_6_S0007_22.wav,aː2 baː6n tʃaː4 ləː2j ɗuɜŋ zo2j ɗəɪɜ,model1_wav2vec2_vi,-0.0242,-2.9525,
DNL_Nu_6_S0007_84,audio_data/private_test/DNL_Nu_6_S0007_84.wav,vaː2 kə2w kɔn tʃaː4t̪ laː2 taːɜj ɗo6 kuə4 baːɜw zəɜt̪ t̪yɜc vaɜn taːɜj bo6 kuə4 baːɜw hiɛɜt̪ t̪yɜc,model1_wav2vec2_vi,-0.0647,-2.9475,
TQA_7_NAM_S0045_295,audio_data/private_test/TQA_7_NAM_S0045_295.wav,tʃim bo2 kə1w aɜp tʃyɜŋ nuəj kɔn məːɜj nəː4 teɜ naː2w,model1_wav2vec2_vi,-0.0151,-2.9728,
TQA_7_NAM_S0045_158,audio_data/private_test/TQA_7_NAM_S0045_158.wav,nen tʃuɜŋ xoŋ te4 ɗi laː6j bi2ɲ tyə2ŋ tʃen ma6t̪ ɗəɜt̪,model1_wav2vec2_vi,-0.0112,-2.9936,
TQA_7_NAM_S0045_200,audio_data/private_test/TQA_7_NAM_S0045_200.wav,xoŋ ɲəːɜ tʃɔ tʃim uəɜŋ nyəɜc ɗe4 nɔɜ xaːɜc xo hɔ6n,model1_wav2vec2_vi,-0.0453,-2.992,
TQA_7_NAM_S0045_84,audio_data/private_test/TQA_7_NAM_S0045_84.wav,tʃim ɛɜn məː4 ho6j lyə6n baj hwaː zə5n loɜj zu4tʃaːw kaːɜj vəɪ5 mə2m nɔn,model1_wav2vec2_vi,-0.0193,-2.9634,
TQA_7_NAM_S0045_117,audio_data/private_test/TQA_7_NAM_S0045_117.wav,həː nəː kə6w ke4 laː6j biɜ,model1_wav2vec2_vi,-0.0818,-2.9374,
TQA_7_NAM_S0045_292,audio_data/private_test/TQA_7_NAM_S0045_292.wav,hiɛ6n t̪aː6j əː4 mo6t̪ soɜ nyəɜc ŋyə2j t̪aː və5n sy4 zu6ŋ biw ɗiɛ6n bo6 kə1w,model1_wav2vec2_vi,-0.0261,-2.9822,
TQA_7_NAM_S0045_66,audio_data/private_test/TQA_7_NAM_S0045_66.wav,hwaː2 xwɛ4 saɜc nəːj nəːj,model1_wav2vec2_vi,-0.0356,-2.9701,
DNL_Nu_6_S0007_40,audio_data/private_test/DNL_Nu_6_S0007_40.wav,tʃim baj tʃen tʃəː2j,model1_wav2vec2_vi,-0.0828,-3.008,
TQA_7_NAM_S0045_58,audio_data/private_test/TQA_7_NAM_S0045_58.wav,kaːɜc te ha5j t̪i2m zuɜp t̪əːɜ,model1_wav2vec2_vi,-0.0456,-2.9711,
TQA_7_NAM_S0045_293,audio_data/private_test/TQA_7_NAM_S0045_293.wav,bu ɗiɛ6n na2j kɔɜ ha4n mo6t̪ lwaː6j t̪ɛm ziɛŋ,model1_wav2vec2_vi,-0.0305,-3.0031,
DNL_Nu_6_S0007_54,audio_data/private_test/DNL_Nu_6_S0007_54.wav,tʃim tʃaː4 ləː2j,model1_wav2vec2_vi,-0.0217,-2.9674,
TQA_7_NAM_S0045_286,audio_data/private_test/TQA_7_NAM_S0045_286.wav,ɲyŋ ho2 baj saː ɗeɜn ɗə1w,model1_wav2vec2_vi,-0.0282,-2.9895,
DNL_Nu_6_S0007_92,audio_data/private_test/DNL_Nu_6_S0007_92.wav,baː4w an ɲy neɜw ɲy ŋyə2j xaːɜc tə6n ti2 kɔj ɲy ɛm laː2 tuə,model1_wav2vec2_vi,-0.068,-2.9639,
DNL_Nu_6_S0007_28,audio_data/private_test/DNL_Nu_6_S0007_28.wav,haj ɗɔ4 ve6t̪ naːm aː2,model1_wav2vec2_vi,-0.0417,-2.953,
TQA_7_NAM_S0045_31,audio_data/private_test/TQA_7_NAM_S0045_31.wav,kə6w tʃaː4 ləː2j mi2ɲ hɣe2ɲ soɜ myəj ɗi,model1_wav2vec2_vi,-0.0584,-2.9368,
TQA_7_NAM_S0045_206,audio_data/private_test/TQA_7_NAM_S0045_206.wav,he2ɲ ɗo6ŋ kuə4 kaːɜc kə6w bɛɜ ɣəɪ zaː tʃwiɛ6n ɗaw lɔ2ŋ vaː2w saːɜŋ hom saw,model1_wav2vec2_vi,-0.0095,-2.9821,
TQA_7_NAM_S0045_127,audio_data/private_test/TQA_7_NAM_S0045_127.wav,bo6 fə6n im ɗo6ŋ tʃɔŋ kə1w saw tʃaː4 ləː2j tʃɔ kə1w hɔ4j naː2w,model1_wav2vec2_vi,-0.0356,-2.984,
TQA_7_NAM_S0045_256,audio_data/private_test/TQA_7_NAM_S0045_256.wav,kaː haːɜt̪ ŋə6t̪ ku2,model1_wav2vec2_vi,-0.0588,-2.9769,
DNL_Nu_6_S0007_78,audio_data/private_test/DNL_Nu_6_S0007_78.wav,tʃɔŋ kuə6c ti tʃa6j baːɜw kaː6w taɜŋ vaː2 baːɜw zəɜt̪ vuj suəɜŋ vi2 mi2ɲ ta4n,model1_wav2vec2_vi,-0.0346,-2.9545,
TQA_7_NAM_S0045_205,audio_data/private_test/TQA_7_NAM_S0045_205.wav,kə6w tʃaː4 ləː2j ŋo6j t̪əːɜj ɲɛɜ taː4w,model1_wav2vec2_vi,-0.0993,-2.9669,
TQA_7_NAM_S0045_255,audio_data/private_test/TQA_7_NAM_S0045_255.wav,kaː4 t̪waːɜn tʃim ku,model1_wav2vec2_vi,-0.0735,-2.9813,
TQA_7_NAM_S0045_26,audio_data/private_test/TQA_7_NAM_S0045_26.wav,aː2 t̪əːɜ biɛɜt̪ hi2ɲ e4ɲ soɜ ba4j laː2 kɔn kiw sə1w,model1_wav2vec2_vi,-0.0489,-2.9717,
TQA_7_NAM_S0045_115,audio_data/private_test/TQA_7_NAM_S0045_115.wav,ɲy5ŋ lwaː2j tʃim kweɲ ho2 (en)ɪɹɒpəl(vi) laː2 ɗaː6j baː2ŋ tiɛn ŋaː tʃim (en)kɒpʌk(vi),model1_wav2vec2_vi,-0.0501,-2.9778,
DNL_Nu_6_S0007_93,audio_data/private_test/DNL_Nu_6_S0007_93.wav,ɛm t̪y2ŋ ta6n tʃɔ bɛɜ ma6t̪ buə2j haj haj t̪yɜc ɣə6n veɜ,model1_wav2vec2_vi,-0.0712,-2.9791,
TQA_7_NAM_S0045_251,audio_data/private_test/TQA_7_NAM_S0045_251.wav,ɗəː5 suəɜŋ ke2ɲ me2n,model1_wav2vec2_vi,-0.041,-2.9874,
TQA_7_NAM_S0045_136,audio_data/private_test/TQA_7_NAM_S0045_136.wav,iɜbe tʃen ma6t̪ ho2 bəɪ2 tiɛn ŋaː tʃaɜŋ buɜt̪ ɗaːŋ bəːj lo6j,model1_wav2vec2_vi,-0.0492,-2.994,
TQA_7_NAM_S0045_71,audio_data/private_test/TQA_7_NAM_S0045_71.wav,muəɜn tuɜ my2ŋ vuj,model1_wav2vec2_vi,-0.0199,-3.008,
TQA_7_NAM_S0045_114,audio_data/private_test/TQA_7_NAM_S0045_114.wav,kweɲ ho2 i zaː paːw kɔɜ ɲy5ŋ lwaː2j tʃim taːɜw,model1_wav2vec2_vi,-0.068,-2.9554,
TQA_7_NAM_S0045_12,audio_data/private_test/TQA_7_NAM_S0045_12.wav,zəː2 tʃuɜ mi2ɲ ɗaː5 biɛɜt̪ heɜt̪ t̪əɪ kuə4 kaːɜc lwaː2j tʃin tʃɔŋ byɜc tʃeɜɲ tʃen zo2j,model1_wav2vec2_vi,-0.0393,-2.9827,
TQA_7_NAM_S0045_202,audio_data/private_test/TQA_7_NAM_S0045_202.wav,aːw kaɜt̪ kaː4 ɗaːɜm kɔ4 ləɜn boŋ ku6 hwaː kuɜc bɔ4 vaː2w lu2ŋ səːn kaːn,model1_wav2vec2_vi,-0.0578,-2.9858,
TQA_7_NAM_S0045_235,audio_data/private_test/TQA_7_NAM_S0045_235.wav,zuɜp faːɜt̪ t̪aːɜn haː6t̪ ɗoɜŋ kəɪ zy2ŋ,model1_wav2vec2_vi,-0.0289,-2.9725,
TQA_7_NAM_S0045_28,audio_data/private_test/TQA_7_NAM_S0045_28.wav,hi2ɲ e4ɲ so4 t̪aːɜm laː2 kɔn tʃim kuɜ mɛ6w,model1_wav2vec2_vi,-0.0372,-2.9956,
DNL_Nu_6_S0007_75,audio_data/private_test/DNL_Nu_6_S0007_75.wav,kə1w tʃwiɛ6n to2j bɔɜŋ,model1_wav2vec2_vi,-0.0273,-2.9764,
DNL_Nu_6_S0007_99,audio_data/private_test/DNL_Nu_6_S0007_99.wav,vəɪ baː6n ha5j tʃɔ t̪oj biɛɜt̪ zo2j zaːɜt̪ tʃəːj baːɜw kɔɜ laː2m zi2,model1_wav2vec2_vi,-0.0382,-2.9921,
TQA_7_NAM_S0045_233,audio_data/private_test/TQA_7_NAM_S0045_233.wav,an sə1w bɔ6 kɔɜ haː6j vaː2 ɗo6ŋ və6t̪ ɣa6m ɲəɜm,model1_wav2vec2_vi,-0.0185,-2.9944,
DNL_Nu_6_S0007_53,audio_data/private_test/DNL_Nu_6_S0007_53.wav,kiɜc laɜn tiɜc laɜn,model1_wav2vec2_vi,-0.1195,-2.9652,
TQA_7_NAM_S0045_199,audio_data/private_test/TQA_7_NAM_S0045_199.wav,haːj kə6w bɛɜ baɜc tʃim vaː2w lo2ŋ ɲyŋ laː6j xoŋ dəː,model1_wav2vec2_vi,-0.0427,-3.0046,
TQA_7_NAM_S0045_289,audio_data/private_test/TQA_7_NAM_S0045_289.wav,əː4 nyəɜc t̪aː tʃɔŋ kuə6c xəː4j ŋiə5 laːm səːn tʃoɜŋ kwən miɲ,model1_wav2vec2_vi,-0.0225,-2.9756,
TQA_7_NAM_S0045_20,audio_data/private_test/TQA_7_NAM_S0045_20.wav,aː2 byɜc tʃeɲ soɜ boɜn laː2 kɔn tiw ɣɔɜk kiɛɜn,model1_wav2vec2_vi,-0.0827,-2.964,
DNL_Nu_6_S0007_13,audio_data/private_test/DNL_Nu_6_S0007_13.wav,haː6t̪ ŋa2n ɗe4 kɔn,model1_wav2vec2_vi,-0.0599,-2.95,
TQA_7_NAM_S0045_122,audio_data/private_test/TQA_7_NAM_S0045_122.wav,mi2ɲ ɗɔ4 tʃɔɜt̪ vaː2 ɲɔ4 ɲy kwaː4 əːɜt̪ kɔɜ ka6p nɔɜ teɲ me6ɲ,model1_wav2vec2_vi,-0.033,-2.967,
TQA_7_NAM_S0045_230,audio_data/private_test/TQA_7_NAM_S0045_230.wav,tʃim kɔɜ bo6 loŋ ɗuəj zy6c zəː5 saɜc ma2w muəɜ zəɜt̪ ɗɛ6p laː2 tʃim koŋ eɲ,model1_wav2vec2_vi,-0.0279,-2.9795,
TQA_7_NAM_S0045_14,audio_data/private_test/TQA_7_NAM_S0045_14.wav,hən ɔɜj kə6w kɛ4 tʃyəɜc li,model1_wav2vec2_vi,-0.0995,-2.9932,
TQA_7_NAM_S0045_234,audio_data/private_test/TQA_7_NAM_S0045_234.wav,laː2ŋ tʃan ɗɛ6p ɗəː6c tʃan tʃiɜ tʃɔŋ zaː ɗi2ɲ t̪y2 loŋ tʃim,model1_wav2vec2_vi,-0.0367,-2.9709,
TQA_7_NAM_S0045_50,audio_data/private_test/TQA_7_NAM_S0045_50.wav,kaːɜc kə6w tʃaː4 ləː2j zuɜp t̪əːɜ kaːɜc kə1w hɔ4j saw ɲɛɜ,model1_wav2vec2_vi,-0.0284,-2.9738,
TQA_7_NAM_S0045_98,audio_data/private_test/TQA_7_NAM_S0045_98.wav,tʃim ɗaː6j baː2ŋ tʃəm vaː2ŋ mɔ4 ɗɔ4 ɗaːŋ tʃaːw lwəː6n,model1_wav2vec2_vi,-0.0183,-2.9696,
TQA_7_NAM_S0045_129,audio_data/private_test/TQA_7_NAM_S0045_129.wav,be2 ɲy5ŋ ɗiɛ4m tʃim lyəɜw ziɜt̪ kaːɜc kweɲ kweɲ ɲaː2,model1_wav2vec2_vi,-0.0747,-2.9624,
TQA_7_NAM_S0045_258,audio_data/private_test/TQA_7_NAM_S0045_258.wav,t̪əːɜ ɗɔ6k sɔŋ zo2j bəɪ zəː2 kaːɜc kə6w tʃaː4 ləː2j zuɜp t̪əːɜ ɲy5ŋ kə1w hɔ4j na2j ɲɛɜ,model1_wav2vec2_vi,-0.0281,-2.984,
TQA_7_NAM_S0045_125,audio_data/private_test/TQA_7_NAM_S0045_125.wav,haː2ŋ ɗaː6j baː2ŋ kɔɜ tʃən vaː2ŋ mɔ4 ɗɔ4 mo5j lə2n vo5 keɜɲ laː6j faːɜt̪ zaː ɲy5ŋ t̪iɛɜŋ vi vu vi huɜt̪,model1_wav2vec2_vi,-0.044,-2.9907,
TQA_7_NAM_S0045_99,audio_data/private_test/TQA_7_NAM_S0045_99.wav,bɔɜŋ tʃɛ zəː6p ma6t̪ ɗəɜt̪,model1_wav2vec2_vi,-0.0289,-2.9453,
DNL_Nu_6_S0007_87,audio_data/private_test/DNL_Nu_6_S0007_87.wav,ɛm ha5j mɛm haː5j to2j bɔɜn t̪əːɜj kaːɜt̪ bɔŋ zuɜc təɪ2 ɲiɜ,model1_wav2vec2_vi,-0.0695,-2.9757,
DNL_Nu_6_S0007_50,audio_data/private_test/DNL_Nu_6_S0007_50.wav,ŋa2j ɗaːn tʃin oj,model1_wav2vec2_vi,-0.0878,-2.9481,
TQA_7_NAM_S0045_126,audio_data/private_test/TQA_7_NAM_S0045_126.wav,t̪o2 ɗo2n kaːɜc kə6w ɲɛɜt̪,model1_wav2vec2_vi,-0.0709,-2.9827,
DNL_Nu_6_S0007_9,audio_data/private_test/DNL_Nu_6_S0007_9.wav,ŋɛ haː6n nə2m ti2 tə2m nɔɜ faː4 həːj əɜm suəɜŋ ɗəɜt̪,model1_wav2vec2_vi,-0.0449,-2.9702,
TQA_7_NAM_S0045_135,audio_data/private_test/TQA_7_NAM_S0045_135.wav,iə e6naː6j baː2ŋ tʃaːw lyə6n tʃən ne2n tʃəː2j seɲ ta4m,model1_wav2vec2_vi,-0.0431,-2.9631,
TQA_7_NAM_S0045_187,audio_data/private_test/TQA_7_NAM_S0045_187.wav,taː4w əːj kə6w tʃaː4 ləː2j zuɜp t̪əːɜ kə1w hɔ4j na2j ɲɛɜ,model1_wav2vec2_vi,-0.0154,-2.9944,
DNL_Nu_6_S0007_71,audio_data/private_test/DNL_Nu_6_S0007_71.wav,tʃiɜɲ saːɜc zo2j ɗɔɜ,model1_wav2vec2_vi,-0.0181,-2.9638,
DNL_Nu_6_S0007_36,audio_data/private_test/DNL_Nu_6_S0007_36.wav,sim tʃaː4 ləː2j,model1_wav2vec2_vi,-0.0405,-2.9965,
TQA_7_NAM_S0045_280,audio_data/private_test/TQA_7_NAM_S0045_280.wav,mo5j nam bo2 kə1w ɗe4 ɲiɛ2w lyə4,model1_wav2vec2_vi,-0.0106,-3.0022,
TQA_7_NAM_S0045_191,audio_data/private_test/TQA_7_NAM_S0045_191.wav,boŋ kuɜc soɜŋ twaː4j maːɜj ben bəː2 zaː2w syə5 ɗaːɜm kɔ4 zaː6j,model1_wav2vec2_vi,-0.0264,-2.9717,
TQA_7_NAM_S0045_216,audio_data/private_test/TQA_7_NAM_S0045_216.wav,t̪əːɜ vaː2 kaːɜc kə6w ku2ŋ ɗoɜj ɲaw ve2 t̪en kuə4 kaːɜc lwaː2j tʃim ɲɛɜ ɗyə2n təːj,model1_wav2vec2_vi,-0.028,-2.9901,
DNL_Nu_6_S0007_56,audio_data/private_test/DNL_Nu_6_S0007_56.wav,tʃi2m xoŋ biɛɜt̪ baːj,model1_wav2vec2_vi,-0.0526,-3.0029,
DNL_Nu_6_S0007_34,audio_data/private_test/DNL_Nu_6_S0007_34.wav,ɗuɜŋ ɗəɪ maː2 tʃəːj,model1_wav2vec2_vi,-0.0889,-2.9559,
TQA_7_NAM_S0045_54,audio_data/private_test/TQA_7_NAM_S0045_54.wav,be tʃim ɛɜw zə5n ɗyə2ŋ tʃɔ muə2 swən ve2,model1_wav2vec2_vi,-0.0439,-2.9844,
DNL_Nu_6_S0007_39,audio_data/private_test/DNL_Nu_6_S0007_39.wav,xi kɔɜ loj keɜɲ,model1_wav2vec2_vi,-0.0685,-3.0002,
TQA_7_NAM_S0045_257,audio_data/private_test/TQA_7_NAM_S0045_257.wav,o2 tʃiə zəɜt̪ laːɜt̪,model1_wav2vec2_vi,-0.0525,-2.9768,
TQA_7_NAM_S0045_183,audio_data/private_test/TQA_7_NAM_S0045_183.wav,t̪o6j ŋiɛ6p kɔn tʃim xi nɔɜ kɔ2n soɜŋ vaː2 kaː haːɜt̪,model1_wav2vec2_vi,-0.0141,-2.9815,
TQA_7_NAM_S0045_141,audio_data/private_test/TQA_7_NAM_S0045_141.wav,sɛ vɛn ho2 ɲy5ŋ kɔn tʃim kəː fuɜc hwaɜt̪ len leɲ le4ɲ,model1_wav2vec2_vi,-0.0356,-2.98,
TQA_7_NAM_S0045_11,audio_data/private_test/TQA_7_NAM_S0045_11.wav,aː ɗɔɜ laː2 tʃim koɜ mɛ2w u4kaːɜc kə aː6n,model1_wav2vec2_vi,-0.0433,-2.9944,
TQA_7_NAM_S0045_281,audio_data/private_test/TQA_7_NAM_S0045_281.wav,mo5j lyə4 haːj tʃyɜŋ,model1_wav2vec2_vi,-0.0581,-3.0034,
TQA_7_NAM_S0045_195,audio_data/private_test/TQA_7_NAM_S0045_195.wav,ɗɔɜ laː2 t̪iɛɜŋ hɔɜt̪ kuə4 tʃim tʃəː4 nen buə2n taː4m vəːɜj,model1_wav2vec2_vi,-0.0394,-2.9891,
TQA_7_NAM_S0045_250,audio_data/private_test/TQA_7_NAM_S0045_250.wav,mo6t̪ tʃuɜ bɔɜj kaː4,model1_wav2vec2_vi,-0.0163,-2.9812,
TQA_7_NAM_S0045_166,audio_data/private_test/TQA_7_NAM_S0045_166.wav,ɲyŋ saːɜŋ hom saw xi vyə2 sɛ5 keɜɲ ɗɔɜn bi2ɲ miɲ,model1_wav2vec2_vi,-0.0149,-2.9918,
TQA_7_NAM_S0045_207,audio_data/private_test/TQA_7_NAM_S0045_207.wav,səːn kaːɜ tʃeɜt̪ vi2 ɗɔɜj xaːɜc boŋ kuɜc ku5ŋ hɛɜw laː4 ɗi vi2 tyəŋ fwaːɜt̪ tʃɔ tʃim,model1_wav2vec2_vi,-0.0269,-3.0011,
DNL_Nu_6_S0007_1,audio_data/private_test/DNL_Nu_6_S0007_1.wav,bəɪ zəː2 tʃuɜŋ mi2ɲ ku5ŋ laː2 vaː2j t̪iɛɜp ɗi,model1_wav2vec2_vi,-0.0258,-2.9967,
TQA_7_NAM_S0045_229,audio_data/private_test/TQA_7_NAM_S0045_229.wav,tʃim zi2 kɔɜ bo6 loŋ ɗuəj zy6c zəː5 saɜc ma2w muəɜ zaɜt̪ ɗɛ6p,model1_wav2vec2_vi,-0.0222,-2.9832,
DNL_Nu_6_S0007_10,audio_data/private_test/DNL_Nu_6_S0007_10.wav,tʃi4 laː2 mo6t̪ kəj se ɗəɜt̪ ɲaw lem,model1_wav2vec2_vi,-0.0817,-2.9804,
TQA_7_NAM_S0045_103,audio_data/private_test/TQA_7_NAM_S0045_103.wav,bə2j tiɛn ŋaː tʃaɜŋ məɜt̪ ɗaːŋ bəːj lo6j ɲy5ŋ kɔn tʃim kəː buɜp mi2ɲ ɗɔ4 tʃɔɜt̪ vaː2 ɲɔ4 ɲy kwaː4 əːɜt̪ koɜ zyəɜn ɣa6p mɔ4 teɲ me4ɲ kuə4 mi2ɲ,model1_wav2vec2_vi,-0.0241,-2.972,
DNL_Nu_6_S0007_79,audio_data/private_test/DNL_Nu_6_S0007_79.wav,baːɜw zəɜt̪ (en)ɛlɛnzɛl(vi) baːɜ lɛw tʃiɛ2n zəɜt̪ zɔ4j tehaɜtse,model1_wav2vec2_vi,-0.1146,-2.9628,
TQA_7_NAM_S0045_57,audio_data/private_test/TQA_7_NAM_S0045_57.wav,ɗaːɜp aːɜn kuə4 t̪əːɜ laː2 iɜ aː ɗɛ2n baːɜw hiɛ6w muə2 swən ve2,model1_wav2vec2_vi,-0.0234,-2.9631,
TQA_7_NAM_S0045_155,audio_data/private_test/TQA_7_NAM_S0045_155.wav,vi2 saːw tʃim sɛ4 tyə2ŋ ɲa4j maː2 xoŋ ɗi,model1_wav2vec2_vi,-0.0124,-2.9964,
TQA_7_NAM_S0045_238,audio_data/private_test/TQA_7_NAM_S0045_238.wav,eɜt̪ baː2j bəː2 tʃɛ ɗɔɜn xeɜc,model1_wav2vec2_vi,-0.0668,-2.9857,
TQA_7_NAM_S0045_174,audio_data/private_test/TQA_7_NAM_S0045_174.wav,luɜc mɔ4 va6t̪ ɗaːɜm kɔ4 zaː6j ə4m yəɜt̪,model1_wav2vec2_vi,-0.0276,-2.9662,
TQA_7_NAM_S0045_73,audio_data/private_test/TQA_7_NAM_S0045_73.wav,t̪əːɜj ku2ŋ kaːɜc kə6w lwaː6j laː2m baː2j t̪ə6p t̪iɛɜp ɲiɜ,model1_wav2vec2_vi,-0.0237,-2.983,
TQA_7_NAM_S0045_275,audio_data/private_test/TQA_7_NAM_S0045_275.wav,hən əːj se ə6 u ðe7 tʃaː4 ləː2j ɗi,model1_wav2vec2_vi,-0.0557,-2.9897,
thanh_11_2,audio_data/private_test/thanh_11_2.wav,vəɪɜ ko ɣaɜŋ me4w kyə2j tə6t̪ t̪y2əɪ,model1_wav2vec2_vi,-0.1385,-2.9536,
thanh_12_2,audio_data/private_test/thanh_12_2.wav,ka6t̪ veɜc kɔɜ məːʊ4 fe2ɲ zəɜt̪ ɗɛ6ɛ6p,model1_wav2vec2_vi,-0.0556,-3.0087,
thanh_13_2,audio_data/private_test/thanh_13_2.wav,kaː4n ɣə6p bɛɜ kon koɜk nyəɜc kɔɜ ma2w tʃaɜm zəɜt̪ ɗɛɜ,model1_wav2vec2_vi,-0.1364,-2.9286,
thanh_14_2,audio_data/private_test/thanh_14_2.wav,t̪oj laː2 kaː si5 no2j kiə2,model1_wav2vec2_vi,-0.0622,-2.9495,
thanh_15_2,audio_data/private_test/thanh_15_2.wav,t̪oj kɔɜ mo6t̪ t̪oj muəɜn kɔɜ mo6t̪ kwiɛɜn tʃeɜc,model1_wav2vec2_vi,-0.0538,-2.9792,
thanh_16_2,audio_data/private_test/thanh_16_2.wav,tiɛɜc tʃoɜj lɔŋ tə6t̪ tʃam tʃi6 i y2,model1_wav2vec2_vi,-0.1136,-2.9937,
thanh_17_2,audio_data/private_test/thanh_17_2.wav,aː6hwaː sɛm kɔɜ ni2 ləɜp həːm kwaː sɛn kɔɜ muə2 zaɜc həːn,model1_wav2vec2_vi,-0.1537,-2.96,
thanh_18_2,audio_data/private_test/thanh_18_2.wav,aj t̪o4 laː6j sy6 hɛ4 laː2m zi2,model1_wav2vec2_vi,-0.0975,-3.0175,
thanh_20_1,audio_data/private_test/thanh_20_1.wav,kaːɜj lo5j t̪eɜ mɛ6 laɜw kəɪ,model1_wav2vec2_vi,-0.0708,-2.9445,
thanh_22_3,audio_data/private_test/thanh_22_3.wav,baː2j hɔ6k ɗə2w t̪iɛn kɔɜ mo6t̪ kɔn,model1_wav2vec2_vi,-0.0949,-2.9518,
thanh_23_3,audio_data/private_test/thanh_23_3.wav,aː laː2 ty2 saɜw,model1_wav2vec2_vi,-0.0671,-2.9867,
thanh_24_3,audio_data/private_test/thanh_24_3.wav,t̪əɪ6saɜw ɣəː2,model1_wav2vec2_vi,-0.0982,-2.999,
thanh_25_4,audio_data/private_test/thanh_25_4.wav,tʃyə2ŋ ku4 tʃɔ ɛm an kaːm əː4 təːʊ2 an,model1_wav2vec2_vi,-0.1088,-2.9788,
thanh_26_4,audio_data/private_test/thanh_26_4.wav,keɜc hɔ6k vyəj kwaːɜ,model1_wav2vec2_vi,-0.0724,-2.9898,
thanh_27_4,audio_data/private_test/thanh_27_4.wav,kwaːɜ ho2j hwaː moɜn tən kwaːɜ,model1_wav2vec2_vi,-0.1118,-2.9628,
thanh_28_4,audio_data/private_test/thanh_28_4.wav,aː4n xəːn kɔɜ fu6 faːj (en)nɑːn(vi),model1_wav2vec2_vi,-0.0924,-2.9625,
thanh_29_5,audio_data/private_test/thanh_29_5.wav,mo6t̪ tʃin laː2 zo2j,model1_wav2vec2_vi,-0.0525,-2.9641,
thanh_31_4,audio_data/private_test/thanh_31_4.wav,kaːɜ hoŋ maːn muəɜj kaːɜ əːn,model1_wav2vec2_vi,-0.0573,-2.9966,
thanh_33_5,audio_data/private_test/thanh_33_5.wav,ɛməː2 maː6c əː4 ha2j haːɜ maː2,model1_wav2vec2_vi,-0.1347,-2.9811,
thanh_35_5,audio_data/private_test/thanh_35_5.wav,tʃəːɜ ɛɜsɛnəː2 te,model1_wav2vec2_vi,-0.1703,-3.0009,
thanh_36_5,audio_data/private_test/thanh_36_5.wav,te ko2j zə6w on kə2n muə t̪aːɜj vɔɜj,model1_wav2vec2_vi,-0.1307,-2.9801,
thanh_38_5,audio_data/private_test/thanh_38_5.wav,(en)tat(vi) tʃaː təː2n t̪eɜɲ taːɜw,model1_wav2vec2_vi,-0.1909,-2.9682,
thanh_41_6,audio_data/private_test/thanh_41_6.wav,eɜ ɛnəː2 baː2n tʃɔn ɛnəː2ɛnəː2,model1_wav2vec2_vi,-0.2076,-2.9896,
thanh_42_6,audio_data/private_test/thanh_42_6.wav,nyəɜ tʃəː2,model1_wav2vec2_vi,-0.0698,-3.0245,
thanh_44_6,audio_data/private_test/thanh_44_6.wav,baːɜc si5 naːn xaːɜnbaː6n,model1_wav2vec2_vi,-0.0968,-2.9415,
thanh_45_6,audio_data/private_test/thanh_45_6.wav,laːm ɗaːŋ naw saː4n ɲaː2,model1_wav2vec2_vi,-0.043,-2.9855,
thanh_47_6,audio_data/private_test/thanh_47_6.wav,ɗɔɜ t̪o tʃəː2 nəː2j ɣaː2j t̪aː,model1_wav2vec2_vi,-0.1592,-2.9315,
thanh_4_1,audio_data/private_test/thanh_4_1.wav,ɗo6ŋ zi2 laː6 laɜm,model1_wav2vec2_vi,-0.0436,-2.989,
thanh_50_6,audio_data/private_test/thanh_50_6.wav,xoŋ (en)siːɑːletəmozt̪ədede(vi) laː6c,model1_wav2vec2_vi,-0.1394,-3.0003,
thanh_53_7,audio_data/private_test/thanh_53_7.wav,nuə (en)zɛt(vi) naːn ɲy bəɪ,model1_wav2vec2_vi,-0.0995,-2.9811,
thanh_59,audio_data/private_test/thanh_59.wav,keɜɲ zaːɜ tʃo2n maj men,model1_wav2vec2_vi,-0.1083,-2.9903,
thanh_61_8,audio_data/private_test/thanh_61_8.wav,kɔn,model1_wav2vec2_vi,-0.1182,-2.949,
thanh_62_8,audio_data/private_test/thanh_62_8.wav,mɛ6 iɛw kɔ,model1_wav2vec2_vi,-0.0754,-2.9516,
thanh_63_8,audio_data/private_test/thanh_63_8.wav,ta4n əːɜt̪ ny ke hyən naː2,model1_wav2vec2_vi,-0.1794,-2.9646,
thanh_64_8,audio_data/private_test/thanh_64_8.wav,kəːm məː ɣɔ6k ho4 ɗeɜn,model1_wav2vec2_vi,-0.0763,-2.9601,
thanh_65_8,audio_data/private_test/thanh_65_8.wav,tʃəː2j naː2 kaː4 no6,model1_wav2vec2_vi,-0.1599,-2.948,
thanh_66_8,audio_data/private_test/thanh_66_8.wav,nɔɜ ken ɛməː2 t̪y,model1_wav2vec2_vi,-0.1816,-2.9898,
thanh_68_8,audio_data/private_test/thanh_68_8.wav,t̪en baː6n nɔɜj zi2,model1_wav2vec2_vi,-0.0797,-2.9775,
thanh_69_8,audio_data/private_test/thanh_69_8.wav,kɔ2n uŋ t̪u2m te,model1_wav2vec2_vi,-0.1166,-2.9948,
thanh_6_1,audio_data/private_test/thanh_6_1.wav,no t̪o,model1_wav2vec2_vi,-0.0828,-2.9828,
thanh_70_8,audio_data/private_test/thanh_70_8.wav,oŋ tʃuəɜ baj li6c t̪o4 o6,model1_wav2vec2_vi,-0.1089,-2.9488,
thanh_71_9,audio_data/private_test/thanh_71_9.wav,keɜ ty laː2 tʃuɜ keɜ ŋɔ6t̪,model1_wav2vec2_vi,-0.1352,-2.9343,
thanh_72_9,audio_data/private_test/thanh_72_9.wav,tʃa2j mo6t̪ tyəŋ maɜt̪ nəː2aː laː6,model1_wav2vec2_vi,-0.161,-2.9693,
thanh_73_9,audio_data/private_test/thanh_73_9.wav,tʃɔ əːn xaːj kwaːɜ,model1_wav2vec2_vi,-0.0469,-3.0058,
thanh_75_9,audio_data/private_test/thanh_75_9.wav,aːn bɛ2 kɔn maːn maːɜn an kəːm,model1_wav2vec2_vi,-0.0919,-2.8995,
thanh_76_9,audio_data/private_test/thanh_76_9.wav,ma2j saːn t̪iɜn nəː,model1_wav2vec2_vi,-0.1197,-2.9389,
thanh_78_9,audio_data/private_test/thanh_78_9.wav,baː2n ɲɔ4 taː4j ɣaː2w tʃɔn keɜɲ ɗo2ŋ,model1_wav2vec2_vi,-0.1221,-2.9663,
thanh_79_9,audio_data/private_test/thanh_79_9.wav,xa4ŋ kɔn nam baj kaː soŋ,model1_wav2vec2_vi,-0.0774,-2.9528,
thanh_7_1,audio_data/private_test/thanh_7_1.wav,an kəːm,model1_wav2vec2_vi,-0.0242,-2.9884,
thanh_81_9,audio_data/private_test/thanh_81_9.wav,tʃɔ zyə4 zaː bɛ6t̪,model1_wav2vec2_vi,-0.107,-2.9447,
thanh_82_9,audio_data/private_test/thanh_82_9.wav,taː4w kɔ ɲi2n kaːɜw,model1_wav2vec2_vi,-0.0319,-2.9891,
thanh_84_9,audio_data/private_test/thanh_84_9.wav,bɛɜ ka6t̪ ɗa2w,model1_wav2vec2_vi,-0.0457,-3.0114,
thanh_85_9,audio_data/private_test/thanh_85_9.wav,t̪oj fɛɜp t̪e6 tʃɛn syəŋ,model1_wav2vec2_vi,-0.0934,-2.9435,
thanh_86_9,audio_data/private_test/thanh_86_9.wav,by2ŋ ve2 xaː zaːɜt̪ saw məːn,model1_wav2vec2_vi,-0.1175,-2.9884,
thanh_87_9,audio_data/private_test/thanh_87_9.wav,t̪oj nmaː6n təːn an haːj t̪oj,model1_wav2vec2_vi,-0.0852,-2.9534,
thanh_88_10,audio_data/private_test/thanh_88_10.wav,ɛm ki oj ɲaː2 ɛməː2 ɛm,model1_wav2vec2_vi,-0.1365,-2.9664,
thanh_89_10,audio_data/private_test/thanh_89_10.wav,ɛm va6c laː2m tʃi6,model1_wav2vec2_vi,-0.1629,-3.004,
thanh_90_10,audio_data/private_test/thanh_90_10.wav,ɗo2 na2j oɜŋ zo2j,model1_wav2vec2_vi,-0.0974,-3.0265,
thanh_91_10,audio_data/private_test/thanh_91_10.wav,oŋ əːaː hoŋ kɔɜ fu6 zəːŋ,model1_wav2vec2_vi,-0.0977,-2.9993,
thanh_93_10,audio_data/private_test/thanh_93_10.wav,neɜn me6ɲ zuɜp kɔn tʃwəː4ŋ bi6 ɛnəː2haɜt,model1_wav2vec2_vi,-0.1254,-2.9648,
thanh_95_10,audio_data/private_test/thanh_95_10.wav,saːɜn laː2n zɔ2ŋ tyə6ŋ vy2n kaːj,model1_wav2vec2_vi,-0.1342,-2.9801,
thanh_96_10,audio_data/private_test/thanh_96_10.wav,tʃaːŋ tʃyəŋ tu4 he2 ɛləː2 aː4m,model1_wav2vec2_vi,-0.1224,-2.9939,
thanh_98_10,audio_data/private_test/thanh_98_10.wav,(en)viːsiːkiː(vi) tʃəː4 ŋyə2j tese ɛɜs,model1_wav2vec2_vi,-0.1631,-3.0228,
thanh_99_10,audio_data/private_test/thanh_99_10.wav,vyə2ŋ kəɪ t̪am tʃo2j naː4 lɔ6k,model1_wav2vec2_vi,-0.0937,-2.9455,
tu_101_8,audio_data/private_test/tu_101_8.wav,fəɜt̪ t̪iɜc hwaː ho2ŋ,model1_wav2vec2_vi,-0.0879,-3.0018,
tu_104_8,audio_data/private_test/tu_104_8.wav,ɛn veɜ mo6t̪ ko t̪iɛ2n,model1_wav2vec2_vi,-0.1242,-2.9972,
tu_105_8,audio_data/private_test/tu_105_8.wav,boɜ mɛ6 tʃɔ bɛɜ ɛm ve2 kwe,model1_wav2vec2_vi,-0.0406,-3.0028,
tu_107_6,audio_data/private_test/tu_107_6.wav,zaː6 zəːɜp ɲy5 baː2j,model1_wav2vec2_vi,-0.0651,-2.9959,
tu_108_6,audio_data/private_test/tu_108_6.wav,ta2n laː2 (en)taɪɪt(vi),model1_wav2vec2_vi,-0.085,-3.0018,
tu_109_6,audio_data/private_test/tu_109_6.wav,keɜɲ zwaː ɲɔ4 ɲy vəɪ6 kaːɜ,model1_wav2vec2_vi,-0.0399,-2.9913,
tu_110_6,audio_data/private_test/tu_110_6.wav,tʃəː2j ɗaːŋ zaːn laː6j,model1_wav2vec2_vi,-0.0532,-3.0018,
tu_112_6,audio_data/private_test/tu_112_6.wav,tyəŋ tʃin siɲ zaː mo6t̪ keɜc ɗiɛ6n xaːɜp,model1_wav2vec2_vi,-0.1188,-2.9895,
tu_116_6,audio_data/private_test/tu_116_6.wav,məɪɜ kɔn ŋyə6 ɗaːŋ an kɔɜ,model1_wav2vec2_vi,-0.0298,-2.9725,
tu_118_6,audio_data/private_test/tu_118_6.wav,ɗyə5 tʃɛ4 tʃi2 mo2t̪ saɜw tu4 əɪɜ,model1_wav2vec2_vi,-0.1136,-3.011,
tu_119_6,audio_data/private_test/tu_119_6.wav,ma6t̪ teɜt̪ saːɜŋ ŋyə2j,model1_wav2vec2_vi,-0.093,-2.9783,
tu_11_2,audio_data/private_test/tu_11_2.wav,ko zaːɜw mi2n kyə2j ta6t̪ t̪əːj,model1_wav2vec2_vi,-0.0982,-3.0038,
tu_121_5,audio_data/private_test/tu_121_5.wav,sɛ kəɜp kiɜw,model1_wav2vec2_vi,-0.0116,-3.0116,
tu_122_5,audio_data/private_test/tu_122_5.wav,ɛm t̪i2 ni2n baː bəːɜc kaː4m təɜt̪,model1_wav2vec2_vi,-0.1643,-2.9887,
tu_123_5,audio_data/private_test/tu_123_5.wav,ko laː5w ti6t̪ vaː2n he2 iɜ,model1_wav2vec2_vi,-0.1494,-3.0079,
tu_124_5,audio_data/private_test/tu_124_5.wav,ɣɔ5j buə2 t̪on baɜt̪ tʃə2n ve2,model1_wav2vec2_vi,-0.0924,-2.9992,
tu_125_5,audio_data/private_test/tu_125_5.wav,ŋa2j kuə4 ta4ŋ ŋəm,model1_wav2vec2_vi,-0.0532,-2.9954,
tu_128_5,audio_data/private_test/tu_128_5.wav,ny5ŋ yəɜc myə kaːw ɗɛ6p,model1_wav2vec2_vi,-0.0799,-3.0058,
tu_12_2,audio_data/private_test/tu_12_2.wav,t̪eɲ en kə6p saɜc kɔɜ ma2w seɲ zəɜt̪ ɗɛ6p,model1_wav2vec2_vi,-0.0779,-2.9922,
tu_130_5,audio_data/private_test/tu_130_5.wav,kɔn ko4 boŋ niɛ6p kwaːɜ,model1_wav2vec2_vi,-0.0557,-3.0166,
tu_132_5,audio_data/private_test/tu_132_5.wav,baː2 muə kaːm tʃɔ bɛɜ,model1_wav2vec2_vi,-0.0149,-3.0075,
tu_133_12,audio_data/private_test/tu_133_12.wav,mo6n nam məːɜj,model1_wav2vec2_vi,-0.0571,-3.0148,
tu_137_12,audio_data/private_test/tu_137_12.wav,se bɛɜ ɗi tʃəː,model1_wav2vec2_vi,-0.0689,-3.0051,
tu_141_4,audio_data/private_test/tu_141_4.wav,tʃə6n t̪iɜ baːɜt̪ biɛ2w t̪i2ɲ,model1_wav2vec2_vi,-0.093,-2.9639,
tu_142_4,audio_data/private_test/tu_142_4.wav,vyə2n tʃyə vɔ4 maːɜt̪,model1_wav2vec2_vi,-0.0313,-3.0078,
tu_144_4,audio_data/private_test/tu_144_4.wav,ɛm vəɜt̪ ki2 mɛ6n ko,model1_wav2vec2_vi,-0.0561,-3.0065,
tu_145_4,audio_data/private_test/tu_145_4.wav,maɜj t̪ə6m veɜt̪,model1_wav2vec2_vi,-0.0868,-2.9761,
tu_146_4,audio_data/private_test/tu_146_4.wav,həːn kaːɜ ɣaː2 kiɜn,model1_wav2vec2_vi,-0.0987,-2.9899,
tu_147_4,audio_data/private_test/tu_147_4.wav,mu5 t̪oŋ le6ɲ kwaːɜ,model1_wav2vec2_vi,-0.0309,-2.9882,
tu_148_4,audio_data/private_test/tu_148_4.wav,ɲiɛ6m kaːn t̪ɲaː2 aː2 u5 kaːɜ tiɲ ke4ɲ,model1_wav2vec2_vi,-0.1951,-2.9589,
tu_149_4,audio_data/private_test/tu_149_4.wav,ɲi2n ɗaːɜm məɪ ma2w ho2ŋ,model1_wav2vec2_vi,-0.0413,-2.9839,
tu_14_2,audio_data/private_test/tu_14_2.wav,t̪oj laː2 kaː si5 no4j t̪iɛɜŋ,model1_wav2vec2_vi,-0.0141,-3.0359,
tu_150_4,audio_data/private_test/tu_150_4.wav,oŋ ɛn t̪y2ŋ ɣəɪ t̪aː6j tʃyəɜc t̪ən,model1_wav2vec2_vi,-0.0484,-2.9844,
tu_16_2,audio_data/private_test/tu_16_2.wav,ɛnəː2 oŋ tə6t̪ vaː2 tɔŋ tʃi2,model1_wav2vec2_vi,-0.0925,-3.0228,
tu_17_2,audio_data/private_test/tu_17_2.wav,haː sɛn kɔɜ muə zəɜt̪ təːm,model1_wav2vec2_vi,-0.0844,-3.0258,
tu_18_2,audio_data/private_test/tu_18_2.wav,ha5j tu4 lwaː6j naː2 xoŋ lə2n zi2,model1_wav2vec2_vi,-0.1288,-3.0234,
tu_19_2,audio_data/private_test/tu_19_2.wav,be siɛw ŋeɲ ɣo2 boŋ,model1_wav2vec2_vi,-0.1187,-3.0066,
tu_20_2,audio_data/private_test/tu_20_2.wav,an no2j ɗe4 mɛ6 nəɜw kɔn,model1_wav2vec2_vi,-0.1028,-3.0089,
tu_21_3,audio_data/private_test/tu_21_3.wav,ɗi tʃə6m nuəj zuə2 aːɜj,model1_wav2vec2_vi,-0.0583,-2.9995,
tu_22_3,audio_data/private_test/tu_22_3.wav,ka6p ɗə2w t̪iɛn kuə4 kə6w kɔ2n,model1_wav2vec2_vi,-0.0376,-3.0113,
tu_23_3,audio_data/private_test/tu_23_3.wav,ɗəɪ laː2 tyə2ŋ saː4w,model1_wav2vec2_vi,-0.0386,-2.9717,
tu_24_3,audio_data/private_test/tu_24_3.wav,ny5n tyɜc zəɪ6 t̪y2 saɜw zəː2,model1_wav2vec2_vi,-0.1016,-2.9971,
tu_25_3,audio_data/private_test/tu_25_3.wav,buə4j tʃyə2c ɛm (en)aŋkɒm(vi) əː4 tʃyə2ŋ,model1_wav2vec2_vi,-0.1146,-2.9993,
tu_27_3,audio_data/private_test/tu_27_3.wav,nyŋ xwaː lyəɜŋ təːm saːɜ,model1_wav2vec2_vi,-0.1106,-3.0142,
tu_29_3,audio_data/private_test/tu_29_3.wav,mo6t̪ tʃiɛɜc laːɜ zəːj,model1_wav2vec2_vi,-0.0199,-3.0103,
tu_30_3,audio_data/private_test/tu_30_3.wav,nem sə1w ɣəː2ɔ tɛ4,model1_wav2vec2_vi,-0.0902,-2.9738,
tu_31_1,audio_data/private_test/tu_31_1.wav,tʃaː5 xoɜŋ faːn ŋo2j kaː4 əːn aːn,model1_wav2vec2_vi,-0.1297,-3.0042,
tu_33_1,audio_data/private_test/tu_33_1.wav,maː2 kɔɜ xwɛ4 xoŋ aːj,model1_wav2vec2_vi,-0.0733,-2.9938,
tu_35_1,audio_data/private_test/tu_35_1.wav,ən kwə2ŋ fɔŋ,model1_wav2vec2_vi,-0.1397,-3.0153,
tu_36_1,audio_data/private_test/tu_36_1.wav,kɔn kaː4m əːn ɗaːɜc vɔj,model1_wav2vec2_vi,-0.0333,-3.0071,
tu_37_1,audio_data/private_test/tu_37_1.wav,hu2ŋ biɛ4n kaː4,model1_wav2vec2_vi,-0.0819,-2.9718,
tu_37_12,audio_data/private_test/tu_37_12.wav,anmiɛ2n kaː4,model1_wav2vec2_vi,-0.0979,-2.987,
tu_38_1,audio_data/private_test/tu_38_1.wav,t̪aː kwe2n haː4j t̪aː4w,model1_wav2vec2_vi,-0.0499,-2.9959,
tu_38_12,audio_data/private_test/tu_38_12.wav,naː2 boɜn haːɜj t̪aːɜw,model1_wav2vec2_vi,-0.0741,-2.9698,
tu_39_1,audio_data/private_test/tu_39_1.wav,kɔn myŋ t̪aːɜw məː2j boɜ mɛ6,model1_wav2vec2_vi,-0.0377,-2.989,
tu_40_1,audio_data/private_test/tu_40_1.wav,ɛləː2 aː2 ðe7 ŋyə2j fu6 ny5 he2n ziw,model1_wav2vec2_vi,-0.0823,-3.0009,
tu_41_12,audio_data/private_test/tu_41_12.wav,ɛm bɛɜ an na2ŋ,model1_wav2vec2_vi,-0.0641,-3.0185,
tu_44_11,audio_data/private_test/tu_44_11.wav,faːɜt̪ tʃiɛ4n tʃaːn haː6j baː6n,model1_wav2vec2_vi,-0.1484,-2.9846,
tu_46_11,audio_data/private_test/tu_46_11.wav,on ɗin maɜj baj,model1_wav2vec2_vi,-0.1141,-2.9833,
tu_49_11,audio_data/private_test/tu_49_11.wav,ny5n meɜt̪ baj,model1_wav2vec2_vi,-0.1472,-2.9977,
tu_50_11,audio_data/private_test/tu_50_11.wav,xoŋ ɲy te4 haː2n kaː4,model1_wav2vec2_vi,-0.1276,-2.9693,
tu_51_11,audio_data/private_test/tu_51_11.wav,zi2 ɗy2ŋ haː2 aːɜ,model1_wav2vec2_vi,-0.1743,-2.9801,
tu_52_11,audio_data/private_test/tu_52_11.wav,ɲy5ŋ aːɜj ɣaːɜt̪ t̪ɛ4 ɛm,model1_wav2vec2_vi,-0.1334,-3.0057,
tu_53_11,audio_data/private_test/tu_53_11.wav,ɛnəː2 ɲy vəɪ6,model1_wav2vec2_vi,-0.1472,-2.9826,
tu_54_11,audio_data/private_test/tu_54_11.wav,t̪aːn naːn zəɜt̪ zi6t̪ tʃi6w aː6,model1_wav2vec2_vi,-0.1573,-2.9992,
tu_55_11,audio_data/private_test/tu_55_11.wav,ɣaː4 taː2n,model1_wav2vec2_vi,-0.1801,-2.9796,
tu_56_10,audio_data/private_test/tu_56_10.wav,bə2w tʃəːɜ seɲ tan,model1_wav2vec2_vi,-0.0998,-3.0358,
tu_57_10,audio_data/private_test/tu_57_10.wav,t̪oj ɗɛm me6ɲ zaɜj tʃɔ ŋyə2j mɛ6n,model1_wav2vec2_vi,-0.1127,-2.996,
tu_58_10,audio_data/private_test/tu_58_10.wav,t̪oŋ sin vaː2 kən ne6,model1_wav2vec2_vi,-0.1304,-3.0251,
tu_59_10,audio_data/private_test/tu_59_10.wav,eɲ ɣaːɜ tyɜŋ baj ɛnəː2,model1_wav2vec2_vi,-0.1082,-3.0216,
tu_60_10,audio_data/private_test/tu_60_10.wav,ɗe4 ɗyə maɜt̪ ɲi2n kweɲ,model1_wav2vec2_vi,-0.0663,-2.9959,
tu_61_10,audio_data/private_test/tu_61_10.wav,se ɛʐəː2 y əːɜ se kɔn ŋu4,model1_wav2vec2_vi,-0.0695,-2.9924,
tu_62_10,audio_data/private_test/tu_62_10.wav,mɛ6 iɛw kɔn,model1_wav2vec2_vi,-0.015,-3.0144,
tu_63_10,audio_data/private_test/tu_63_10.wav,taː4n zəɜt̪ iɛw kwe həːŋ mi2ɲ,model1_wav2vec2_vi,-0.1217,-2.9963,
tu_64_10,audio_data/private_test/tu_64_10.wav,kən myə zaː2 kɛɜw ɗeɜ,model1_wav2vec2_vi,-0.0789,-2.9854,
tu_65_10,audio_data/private_test/tu_65_10.wav,tʃəː2 ŋa2j kaː2ŋ maː6n həːn,model1_wav2vec2_vi,-0.0702,-2.9968,
tu_66_10,audio_data/private_test/tu_66_10.wav,laːɜ t̪aj məːɜj tu,model1_wav2vec2_vi,-0.0831,-2.9927,
tu_67_10,audio_data/private_test/tu_67_10.wav,vən vo ku2ŋ ŋaː6c ɲiɛn,model1_wav2vec2_vi,-0.0494,-3.0295,
tu_68_10,audio_data/private_test/tu_68_10.wav,t̪en baː6n laː2 zi2,model1_wav2vec2_vi,-0.0262,-2.9777,
tu_69_10,audio_data/private_test/tu_69_10.wav,naj kɔɜw um t̪u2m,model1_wav2vec2_vi,-0.1036,-3.0022,
tu_70_10,audio_data/private_test/tu_70_10.wav,oŋ tʃuɜ baj vi2 t̪o4,model1_wav2vec2_vi,-0.0432,-2.9779,
tu_71_9,audio_data/private_test/tu_71_9.wav,t̪ei hyəŋ laː2 tʃu2ŋ xɛɜɛ ŋɔ6t̪,model1_wav2vec2_vi,-0.0951,-2.9897,
tu_72_9,audio_data/private_test/tu_72_9.wav,nəː2j myə2 tu maɜt̪ mɛ6,model1_wav2vec2_vi,-0.0843,-2.9699,
tu_73_9,audio_data/private_test/tu_73_9.wav,aː o haj kwaːɜ,model1_wav2vec2_vi,-0.0483,-2.9737,
tu_74_9,audio_data/private_test/tu_74_9.wav,tə6t̪ naː t̪en sen,model1_wav2vec2_vi,-0.1253,-3.0068,
tu_75_9,audio_data/private_test/tu_75_9.wav,bɛ6 laːn van hwaːɜ an t̪əːm,model1_wav2vec2_vi,-0.0914,-2.946,
tu_76_9,audio_data/private_test/tu_76_9.wav,bəːj saːɜŋ kin nəː,model1_wav2vec2_vi,-0.0867,-2.9809,
tu_77_9,audio_data/private_test/tu_77_9.wav,ki vaː2w taːm ho2aː2n hwaː,model1_wav2vec2_vi,-0.0664,-3.0103,
tu_78_9,audio_data/private_test/tu_78_9.wav,aːɜ haː6n ɲɔ4 taː4 ziɛ2w tʃen keɜɲ ɗo2ŋ,model1_wav2vec2_vi,-0.0588,-2.9914,
tu_79_9,audio_data/private_test/tu_79_9.wav,nɛɜn kɔn ɗaːŋ maj kwaː sə1w,model1_wav2vec2_vi,-0.0795,-2.994,
tu_80_9,audio_data/private_test/tu_80_9.wav,toj kɔ2n seɲ laɜm,model1_wav2vec2_vi,-0.0339,-2.9739,
tu_81_9,audio_data/private_test/tu_81_9.wav,mo6t̪ tʃəɜt̪ lyə6c zəɜt̪ ɗɛ6p,model1_wav2vec2_vi,-0.0422,-2.982,
tu_82_9,audio_data/private_test/tu_82_9.wav,kɔɜ ŋiɛm kaːɜw,model1_wav2vec2_vi,-0.0769,-2.9848,
tu_83_8,audio_data/private_test/tu_83_8.wav,kaːɜc baː6n kɔɜ kwen zəːɜj me2 aː2n oŋ,model1_wav2vec2_vi,-0.044,-3.0336,
tu_84_8,audio_data/private_test/tu_84_8.wav,bɛɜ t̪u6c lo6k,model1_wav2vec2_vi,-0.018,-2.9516,
tu_85_8,audio_data/private_test/tu_85_8.wav,t̪oj tʃa4n keɜt̪ kəːj lwəːn,model1_wav2vec2_vi,-0.1422,-2.9777,
tu_86_8,audio_data/private_test/tu_86_8.wav,ɗyə2ŋ zəɪ2 sɔ laɜt̪ saː ləː,model1_wav2vec2_vi,-0.1192,-2.991,
tu_87_8,audio_data/private_test/tu_87_8.wav,t̪oj ɗeɜn haːj teɲ aːj t̪oj,model1_wav2vec2_vi,-0.0357,-2.9719,
tu_88_8,audio_data/private_test/tu_88_8.wav,ɛməː2 iɛw nuəj ɲaː2 kuə4 ɛm,model1_wav2vec2_vi,-0.0908,-2.9933,
tu_89_7,audio_data/private_test/tu_89_7.wav,t̪i2m t̪im,model1_wav2vec2_vi,-0.0704,-2.9879,
tu_90_7,audio_data/private_test/tu_90_7.wav,ŋɛ ɗeɜn zo2j,model1_wav2vec2_vi,-0.0255,-3.0193,
tu_91_7,audio_data/private_test/tu_91_7.wav,kwe oŋ oŋ ɗɔɜ vɛ4 hoŋ,model1_wav2vec2_vi,-0.0947,-2.9657,
tu_92_7,audio_data/private_test/tu_92_7.wav,luɜc ɗɔɜ t̪oj ɗo2 vuə,model1_wav2vec2_vi,-0.0471,-2.9864,
tu_93_7,audio_data/private_test/tu_93_7.wav,boɜ vɛɜ tyoɜk t̪əːm ɗo6k vi6n ɲɛɜ,model1_wav2vec2_vi,-0.1199,-3.0141,
tu_94_7,audio_data/private_test/tu_94_7.wav,zuŋ vyəŋ zyə6ŋ ɲaː2 t̪ɛ6m,model1_wav2vec2_vi,-0.0944,-3.0199,
tu_96_7,audio_data/private_test/tu_96_7.wav,ɗu2 hɛ ɛnəː2 ɔɜ ɛməː2 ðe7,model1_wav2vec2_vi,-0.1007,-2.9957,
tu_97_7,audio_data/private_test/tu_97_7.wav,ɛ2n t̪oŋ ɗɛ2n noŋ ba2ŋ əɜm nɔɜŋ,model1_wav2vec2_vi,-0.1296,-2.9978,
tu_98_7,audio_data/private_test/tu_98_7.wav,tʃyɜ əː4 zaː2j bə2w,model1_wav2vec2_vi,-0.0661,-3.0155,
tu_99_7,audio_data/private_test/tu_99_7.wav,vyə2 vəː2n t̪aj zoŋ zyə2n ɗe4ɲ lɔ6ŋ,model1_wav2vec2_vi,-0.1199,-2.9945,
dong_100_11,audio_data/private_test/dong_100_11.wav,ɲy5ŋ lwaː6t̪ syəŋ ɗo2ŋ neɲ,model1_wav2vec2_vi,-0.0971,-3.0002,
dong_101_11,audio_data/private_test/dong_101_11.wav,zəɜt̪ tiɜc hwaː hə2w,model1_wav2vec2_vi,-0.0431,-3.0,
dong_102_11,audio_data/private_test/dong_102_11.wav,ɣuɜp tʃoɜk taː4m ma2w kaːm,model1_wav2vec2_vi,-0.0837,-2.9882,
dong_103_11,audio_data/private_test/dong_103_11.wav,i laː ɗaːŋ naː5w lə6c ko ɣaːɜj,model1_wav2vec2_vi,-0.0889,-2.9435,
dong_104_11,audio_data/private_test/dong_104_11.wav,ɛm vɛ4 mo6t̪ ko t̪iɛn,model1_wav2vec2_vi,-0.0883,-2.9623,
dong_105_11,audio_data/private_test/dong_105_11.wav,boɜ mɛ6 tʃɔ ve2 bo4 boɜ mɛ6 tʃɛ2 ɛm vɛ4 ŋa2j kwen,model1_wav2vec2_vi,-0.0732,-2.9884,
dong_107_12,audio_data/private_test/dong_107_12.wav,ŋəː2 səɜc təːɜn vaː2,model1_wav2vec2_vi,-0.0973,-3.0036,
dong_109_12,audio_data/private_test/dong_109_12.wav,faː4j kɔj ɣə2n ɲy vəɪ6 t̪aː4,model1_wav2vec2_vi,-0.0416,-2.9836,
dong_10_2,audio_data/private_test/dong_10_2.wav,hi2ɲ tʃaːɜw ko bɔɜ,model1_wav2vec2_vi,-0.0843,-3.0163,
dong_110_12,audio_data/private_test/dong_110_12.wav,təː2j zaːn tʃyɜc naŋ,model1_wav2vec2_vi,-0.0462,-2.9817,
dong_111_14,audio_data/private_test/dong_111_14.wav,ɗu2 t̪oj t̪yə4ŋ te te4 liɛ5n,model1_wav2vec2_vi,-0.1951,-2.9668,
dong_112_14,audio_data/private_test/dong_112_14.wav,boɜ tʃiɜm tʃəŋ naːn tʃiɜc t̪i2ɲ fuɜc,model1_wav2vec2_vi,-0.1438,-2.9721,
dong_113_14,audio_data/private_test/dong_113_14.wav,buə4j tʃiɛ2w buə2 hɛ6 tə6t̪ t̪ən niɛw,model1_wav2vec2_vi,-0.0651,-2.9934,
dong_114_14,audio_data/private_test/dong_114_14.wav,ɛ2w kɛɜw kaː kyə4 so4,model1_wav2vec2_vi,-0.1386,-2.982,
dong_115_14,audio_data/private_test/dong_115_14.wav,ɗe2w lo6aː boŋ vəɜt̪ ɗiɛŋ ɗeɜɲ huə4 nyə ŋo6,model1_wav2vec2_vi,-0.0795,-2.9535,
dong_116_13,audio_data/private_test/dong_116_13.wav,maː2 ɛnəː2 ɛləː2ɛnəː2 tehaɜt aːn,model1_wav2vec2_vi,-0.2287,-3.0163,
dong_117_13,audio_data/private_test/dong_117_13.wav,t̪aːj tʃaːɜn tʃɔ kaː4 ɲaː2 o2,model1_wav2vec2_vi,-0.1651,-2.9514,
dong_118_13,audio_data/private_test/dong_118_13.wav,ɗyɜ tʃɛ4 sɛ5 xaːɜ t̪y4,model1_wav2vec2_vi,-0.1019,-2.9627,
dong_119_13,audio_data/private_test/dong_119_13.wav,mɛ6 saːɜŋ ɲəː2,model1_wav2vec2_vi,-0.1121,-2.9134,
dong_11_3,audio_data/private_test/dong_11_3.wav,nəː2 aː2 kaː2n tə6t̪ t̪aː,model1_wav2vec2_vi,-0.2132,-2.9564,
dong_120_13,audio_data/private_test/dong_120_13.wav,t̪oj tʃuɜ məː2 ɗo6w zo2,model1_wav2vec2_vi,-0.1321,-2.9577,
dong_121_13,audio_data/private_test/dong_121_13.wav,sɛ5 keɜt̪ tʃiɛ4w,model1_wav2vec2_vi,-0.0604,-2.9841,
dong_122_13,audio_data/private_test/dong_122_13.wav,en nəːɜ vyən kaːɜc tə6n kaː4m tə6n,model1_wav2vec2_vi,-0.0986,-2.9471,
dong_123_13,audio_data/private_test/dong_123_13.wav,nəː2j ɣaːɜn tʃə6n te2ɲ mu2ŋ iɜn,model1_wav2vec2_vi,-0.1378,-2.9849,
dong_124_13,audio_data/private_test/dong_124_13.wav,saɜw nyə6c ɗə6t̪ tʃəɜt̪ ɗaː2n,model1_wav2vec2_vi,-0.0979,-2.9422,
dong_125_13,audio_data/private_test/dong_125_13.wav,ɗeɜɲ koɜj taːɜj laːn uə4,model1_wav2vec2_vi,-0.1597,-3.0434,
dong_126_14,audio_data/private_test/dong_126_14.wav,hi2ɲ t̪əɪ baː2 zyɜt̪ vaː2 oɜŋ tʃɔɜn,model1_wav2vec2_vi,-0.0943,-2.976,
dong_127_14,audio_data/private_test/dong_127_14.wav,saːn lə2n siə ɗɛ2,model1_wav2vec2_vi,-0.1326,-2.9507,
dong_128_14,audio_data/private_test/dong_128_14.wav,oɜn ɗyɜc myə t̪aːw ɗɛ6t̪,model1_wav2vec2_vi,-0.1489,-2.9432,
dong_129_14,audio_data/private_test/dong_129_14.wav,ɛm tiɜc saː maːn ɲəɜt̪,model1_wav2vec2_vi,-0.1249,-2.944,
dong_12_3,audio_data/private_test/dong_12_3.wav,ka6c saːɜc kɔɜ ma2w saj zəɜt̪ ɗɛ6p,model1_wav2vec2_vi,-0.0833,-2.9736,
dong_130_14,audio_data/private_test/dong_130_14.wav,ə2w t̪əŋ ɗɛ6p kuə4 haːɜt̪,model1_wav2vec2_vi,-0.1462,-2.9573,
dong_131_14,audio_data/private_test/dong_131_14.wav,ɔɜt̪ hɔ6k ɗaː6p kaː maɜt̪,model1_wav2vec2_vi,-0.0645,-2.927,
dong_132_14,audio_data/private_test/dong_132_14.wav,se tʃɔ bɛɜ,model1_wav2vec2_vi,-0.1444,-2.9597,
dong_133_14,audio_data/private_test/dong_133_14.wav,əːɜj,model1_wav2vec2_vi,-0.0793,-3.0038,
dong_134_14,audio_data/private_test/dong_134_14.wav,t̪i2m ve2 kwe təm mən baː2,model1_wav2vec2_vi,-0.0463,-2.9558,
dong_135_14,audio_data/private_test/dong_135_14.wav,u2 (en)krjuːa(vi) kɔɜ maːɜt̪,model1_wav2vec2_vi,-0.1629,-2.956,
dong_13_3,audio_data/private_test/dong_13_3.wav,voɜt̪ ɲəɜt̪ t̪əː4 ɗen ly6c tʃa4n ɛnəː2 zəɜt̪ tese t̪u6c,model1_wav2vec2_vi,-0.25,-2.9901,
dong_14_3,audio_data/private_test/dong_14_3.wav,t̪oj laː2 kaː si5 lo2ŋ ɛnəː2 t̪iɛɜnəɜn,model1_wav2vec2_vi,-0.1288,-2.9856,
dong_15_3,audio_data/private_test/dong_15_3.wav,t̪oj nəːɜn kɔɜ mo6t̪ hyəɜŋ zə6n,model1_wav2vec2_vi,-0.0802,-2.933,
dong_16_3,audio_data/private_test/dong_16_3.wav,kɔn oŋ tə6t̪ laː2 tʃam tʃe4w,model1_wav2vec2_vi,-0.1286,-2.9792,
dong_17_3,audio_data/private_test/dong_17_3.wav,aːn xoŋ bu2 zəɜp t̪əːm,model1_wav2vec2_vi,-0.1448,-2.9931,
dong_18_3,audio_data/private_test/dong_18_3.wav,əɪɜ t̪o4 əː4 laː6j ha2ŋ t̪u2ŋ ɗe4 laː2m mo6t̪ zi2,model1_wav2vec2_vi,-0.1647,-2.9696,
dong_19_3,audio_data/private_test/dong_19_3.wav,səːʊ nin ɣəː6j boŋ,model1_wav2vec2_vi,-0.1031,-2.9507,
dong_1_1,audio_data/private_test/dong_1_1.wav,laː2n zi2 ɗəɪɜ,model1_wav2vec2_vi,-0.0924,-2.9748,
dong_20_3,audio_data/private_test/dong_20_3.wav,t̪aːɜj no2j mɛ6 ɲəː2 t̪aj,model1_wav2vec2_vi,-0.0732,-2.9753,
dong_23_4,audio_data/private_test/dong_23_4.wav,y aj laː2 siw saːw,model1_wav2vec2_vi,-0.0631,-2.9874,
dong_24_4,audio_data/private_test/dong_24_4.wav,t̪i2 səː2n saɜw tʃəː2,model1_wav2vec2_vi,-0.1285,-3.019,
dong_25_4,audio_data/private_test/dong_25_4.wav,tʃyə2ŋ ho2j tʃyə6ŋ ɛm baːn ən ɣə2n əː4 tʃyə2n,model1_wav2vec2_vi,-0.1214,-2.969,
dong_26_5,audio_data/private_test/dong_26_5.wav,vyə kwaːɜ,model1_wav2vec2_vi,-0.0219,-2.9824,
dong_27_5,audio_data/private_test/dong_27_5.wav,yɜc ty kw,model1_wav2vec2_vi,-0.1114,-2.9898,
dong_28_5,audio_data/private_test/dong_28_5.wav,kon kaːɜw ku4 haːj vaːn,model1_wav2vec2_vi,-0.1298,-2.9557,
dong_29_5,audio_data/private_test/dong_29_5.wav,ɗo6j tʃe laːɜ zəː2j,model1_wav2vec2_vi,-0.0865,-2.9829,
dong_2_1,audio_data/private_test/dong_2_1.wav,bəː kuɜc kaɜm naɜŋ ma6t̪ tʃəː2j,model1_wav2vec2_vi,-0.0476,-2.9757,
dong_30_5,audio_data/private_test/dong_30_5.wav,t̪oj ɲəː2n heɜ,model1_wav2vec2_vi,-0.0928,-2.9457,
dong_31_5,audio_data/private_test/dong_31_5.wav,kaːɜ xoŋ aːj məː4 kaːɜ ləːn,model1_wav2vec2_vi,-0.0736,-2.9756,
dong_32_5,audio_data/private_test/dong_32_5.wav,t̪əː6t̪ ɗe4w kwe ɛməː2te ɲaː2,model1_wav2vec2_vi,-0.15,-2.9489,
dong_33_5,audio_data/private_test/dong_33_5.wav,baː2 kɔɜ xɔ4 xow əːɜ aː6n,model1_wav2vec2_vi,-0.2136,-2.916,
dong_34_5,audio_data/private_test/dong_34_5.wav,əɪɜ e,model1_wav2vec2_vi,-0.0881,-3.0122,
dong_35_5,audio_data/private_test/dong_35_5.wav,t̪o zəɪ kuə2n sam,model1_wav2vec2_vi,-0.1453,-2.9615,
dong_36_6,audio_data/private_test/dong_36_6.wav,ɣə5w kɔn kaː4m əːn baɜc vɔn,model1_wav2vec2_vi,-0.1269,-2.9744,
dong_37_6,audio_data/private_test/dong_37_6.wav,nyn viɛ2n kaː2,model1_wav2vec2_vi,-0.2031,-2.9381,
dong_38_6,audio_data/private_test/dong_38_6.wav,kɔn zaː vyə2n haː4j kaː4w,model1_wav2vec2_vi,-0.0593,-2.9481,
dong_39_6,audio_data/private_test/dong_39_6.wav,ku4 kɔn vyəŋ t̪ɔ6n məː2j bo6 mɛ6,model1_wav2vec2_vi,-0.0736,-2.9309,
dong_3_1,audio_data/private_test/dong_3_1.wav,vəːɜj tiɛŋ niɛm tə6t̪ ɗɛ6p,model1_wav2vec2_vi,-0.0734,-2.9896,
dong_40_6,audio_data/private_test/dong_40_6.wav,mɛ6 vaː2 ŋyə2j fu2 nyəɜc t̪e2n zi6w,model1_wav2vec2_vi,-0.0751,-2.9398,
dong_41_6,audio_data/private_test/dong_41_6.wav,bɛɜ zəɜn non ne6,model1_wav2vec2_vi,-0.1583,-2.9206,
dong_42_6,audio_data/private_test/dong_42_6.wav,tʃo2ŋ ny tʃe6 tʃe2w nyə,model1_wav2vec2_vi,-0.147,-2.9574,
dong_43_6,audio_data/private_test/dong_43_6.wav,onŋɔn,model1_wav2vec2_vi,-0.1032,-2.9769,
dong_44_6,audio_data/private_test/dong_44_6.wav,ɛnəː2ðe7 xoŋ baː6j neɜ,model1_wav2vec2_vi,-0.2409,-2.9027,
dong_45_6,audio_data/private_test/dong_45_6.wav,mɛ6 ɗaŋ lə1w saː2n ɲaː2,model1_wav2vec2_vi,-0.0483,-2.9361,
dong_46_7,audio_data/private_test/dong_46_7.wav,ny5ŋ ken tʃen baːɜn t̪aj,model1_wav2vec2_vi,-0.0549,-2.939,
dong_47_7,audio_data/private_test/dong_47_7.wav,tʃəːj no4j zaːɜw t̪ɔ,model1_wav2vec2_vi,-0.0765,-2.9486,
dong_48_7,audio_data/private_test/dong_48_7.wav,kəɪ liɛ5w xoŋ ŋy2ŋ laɜc nyə,model1_wav2vec2_vi,-0.0548,-2.9783,
dong_49_7,audio_data/private_test/dong_49_7.wav,oɜ teɜt̪ baj kaː,model1_wav2vec2_vi,-0.2342,-3.0058,
dong_4_1,audio_data/private_test/dong_4_1.wav,ɲeɜŋ ɗo6ŋ zi2 ɗaː6 laɜm,model1_wav2vec2_vi,-0.0773,-2.988,
dong_50_7,audio_data/private_test/dong_50_7.wav,naj tʃəː2j le6ɲ kwaːɜ,model1_wav2vec2_vi,-0.0574,-2.9775,
dong_51_7,audio_data/private_test/dong_51_7.wav,ŋu4 laː2m zi2 kuɜ səː6 lɛ4w,model1_wav2vec2_vi,-0.0609,-2.9894,
dong_52_7,audio_data/private_test/dong_52_7.wav,t̪iɛɜp t̪ɔɜk tʃɔ ɛm,model1_wav2vec2_vi,-0.0441,-2.9781,
dong_53_7,audio_data/private_test/dong_53_7.wav,fi ɲeɲ ɲy ba2j,model1_wav2vec2_vi,-0.0614,-2.98,
dong_54_7,audio_data/private_test/dong_54_7.wav,sɛ5 kɔɜ təː4ŋ,model1_wav2vec2_vi,-0.0364,-2.9619,
dong_55_7,audio_data/private_test/dong_55_7.wav,tʃiɛɜc ze5 ɗaː tʃɔ2n,model1_wav2vec2_vi,-0.044,-3.0128,
dong_56_7,audio_data/private_test/dong_56_7.wav,bə2w tʃəː2j seɲ tam xaː4w,model1_wav2vec2_vi,-0.0404,-3.0365,
dong_57_7,audio_data/private_test/dong_57_7.wav,t̪oj ɗyə me6ɲ me4ɲ ɣəɪɜ tʃɔ ŋyə2j mɛ6,model1_wav2vec2_vi,-0.0371,-2.9379,
dong_58_7,audio_data/private_test/dong_58_7.wav,uŋ sɛm vaː2 kə1w ma2j,model1_wav2vec2_vi,-0.0415,-2.9997,
dong_59_7,audio_data/private_test/dong_59_7.wav,ɲaː2 tʃyɜŋ baj len,model1_wav2vec2_vi,-0.0701,-2.9894,
dong_5_1,audio_data/private_test/dong_5_1.wav,sə1w ho6 ɛɜ maɜt̪ ni2n,model1_wav2vec2_vi,-0.0432,-3.007,
dong_60_7,audio_data/private_test/dong_60_7.wav,ɗe4 ɗyə məɜt̪ ɲi2n kaːn,model1_wav2vec2_vi,-0.0576,-2.9959,
dong_61_8,audio_data/private_test/dong_61_8.wav,aːj ɛnəː2,model1_wav2vec2_vi,-0.1927,-2.9075,
dong_62_8,audio_data/private_test/dong_62_8.wav,kɔ2n,model1_wav2vec2_vi,-0.0316,-2.9754,
dong_63_8,audio_data/private_test/dong_63_8.wav,kaː4 zəɜp ɛw kwe kyən mi2ɲ,model1_wav2vec2_vi,-0.0664,-2.9503,
dong_64_8,audio_data/private_test/dong_64_8.wav,kə1w myə za2w kɛɜw ɗeɜn,model1_wav2vec2_vi,-0.0538,-2.9867,
dong_65_8,audio_data/private_test/dong_65_8.wav,bɔ6w tʃəː2j ɲa2j kaː2ŋ le6ɲ həːn,model1_wav2vec2_vi,-0.0535,-2.9675,
dong_66_8,audio_data/private_test/dong_66_8.wav,nəɪ mo6t̪ tʃuɜ,model1_wav2vec2_vi,-0.1295,-2.9619,
dong_67_8,audio_data/private_test/dong_67_8.wav,niɛ5n kɔn vo ku2ŋ ŋaː6c ɲiɛn,model1_wav2vec2_vi,-0.0489,-2.9462,
dong_68_8,audio_data/private_test/dong_68_8.wav,aː6n laː2m pi,model1_wav2vec2_vi,-0.0934,-2.9907,
dong_69_8,audio_data/private_test/dong_69_8.wav,koɜ om t̪e2n,model1_wav2vec2_vi,-0.1043,-2.9733,
dong_6_2,audio_data/private_test/dong_6_2.wav,mɛ6 məɪɜ mo6 o t̪o,model1_wav2vec2_vi,-0.0339,-2.9982,
dong_70_8,audio_data/private_test/dong_70_8.wav,oŋ tʃuəɜ baːj ve6t̪ t̪o4,model1_wav2vec2_vi,-0.0338,-2.9487,
dong_71_9,audio_data/private_test/dong_71_9.wav,ɗeɜ in le6p təː2ŋ tʃi4 laː2,model1_wav2vec2_vi,-0.1836,-2.9809,
dong_72_9,audio_data/private_test/dong_72_9.wav,ten məːɜt̪ ni2,model1_wav2vec2_vi,-0.1461,-2.9795,
dong_74_9,audio_data/private_test/dong_74_9.wav,aː2 t̪ɛ4 zjaː6,model1_wav2vec2_vi,-0.1252,-2.9786,
dong_75_9,audio_data/private_test/dong_75_9.wav,ko6p ɛm bɛ2 t̪aːj ŋwiɛn nwaːɜ an kəː,model1_wav2vec2_vi,-0.1505,-2.966,
dong_77_9,audio_data/private_test/dong_77_9.wav,xi vaː2w kan hi2ɲ vaː2,model1_wav2vec2_vi,-0.1392,-2.9513,
dong_78_9,audio_data/private_test/dong_78_9.wav,baː6n ɲɔ4 taː4 zəː6t̪ tʃen kaːɜn ɗa2w,model1_wav2vec2_vi,-0.062,-2.9944,
dong_79_9,audio_data/private_test/dong_79_9.wav,tʃe4n xaːn ɗaːn bəɪ kaː saw,model1_wav2vec2_vi,-0.137,-2.9725,
dong_7_2,audio_data/private_test/dong_7_2.wav,ɛm ɗaːn eɲ kyə2ŋ,model1_wav2vec2_vi,-0.0349,-3.022,
dong_80_9,audio_data/private_test/dong_80_9.wav,eɲlaː2m,model1_wav2vec2_vi,-0.0631,-3.0179,
dong_81_10,audio_data/private_test/dong_81_10.wav,tʃəɜt̪ kyə2ŋ zəɜt̪ ɗɛ6p,model1_wav2vec2_vi,-0.0862,-2.9731,
dong_82_10,audio_data/private_test/dong_82_10.wav,tɔ6t̪ kɔn ŋiɛ2m kaːɜw,model1_wav2vec2_vi,-0.0777,-2.9773,
dong_83_10,audio_data/private_test/dong_83_10.wav,mo6n kaːɜc baː2 nəːɜj kəːm ɣəɪ6 mi aːn kon,model1_wav2vec2_vi,-0.2633,-2.9535,
dong_84_10,audio_data/private_test/dong_84_10.wav,t̪ə6p ɗɔ6k,model1_wav2vec2_vi,-0.0464,-3.0101,
dong_85_10,audio_data/private_test/dong_85_10.wav,t̪oj tʃəː4 ve2 kwe hyəŋ,model1_wav2vec2_vi,-0.0353,-2.953,
dong_86_10,audio_data/private_test/dong_86_10.wav,ɗaː2n ŋe2 tʃaː laɜt̪ saː viwaː,model1_wav2vec2_vi,-0.0811,-2.9939,
dong_87_10,audio_data/private_test/dong_87_10.wav,t̪oj eɜm t̪am ɛnəː2 naːj t̪oj,model1_wav2vec2_vi,-0.0994,-2.9751,
dong_88_10,audio_data/private_test/dong_88_10.wav,eɜm ɲen ŋoj ɲaː2 kuə4 ɛm,model1_wav2vec2_vi,-0.0778,-2.9601,
dong_89_10,audio_data/private_test/dong_89_10.wav,t̪iɛw tʃə4n sin,model1_wav2vec2_vi,-0.1432,-2.9889,
dong_8_2,audio_data/private_test/dong_8_2.wav,kiɜc t̪uɜp vuj tʃə6,model1_wav2vec2_vi,-0.1588,-3.0004,
dong_90_10,audio_data/private_test/dong_90_10.wav,ŋɛ ɗyɜn zo2j,model1_wav2vec2_vi,-0.0754,-2.9719,
dong_91_10,audio_data/private_test/dong_91_10.wav,t̪on kɔɜ xwɛ4 xoŋ,model1_wav2vec2_vi,-0.1072,-2.9432,
dong_92_10,audio_data/private_test/dong_92_10.wav,ny5ŋ ɣoɜk ɗaː5 tʃəːj ɗyə6c muɜn aːɜ,model1_wav2vec2_vi,-0.1486,-2.9557,
dong_93_10,audio_data/private_test/dong_93_10.wav,boɜ mɛ6 ɣuɜc kɔn tʃə4n bi6 ɲɛɜ,model1_wav2vec2_vi,-0.1017,-2.987,
dong_94_10,audio_data/private_test/dong_94_10.wav,əːŋ tʃɔŋ ɛnəː2ɛnəː2 t̪ə6p laː2 ɗɛ6p,model1_wav2vec2_vi,-0.1727,-2.93,
dong_95_10,audio_data/private_test/dong_95_10.wav,səŋ ɗa6 t̪yə4ŋ zyə6ŋ kɛɜm kaj zo2j,model1_wav2vec2_vi,-0.1133,-2.9587,
dong_96_11,audio_data/private_test/dong_96_11.wav,saːw aːɜn fy tʃyə4ŋ əː2 laɜm,model1_wav2vec2_vi,-0.1256,-2.9974,
dong_97_11,audio_data/private_test/dong_97_11.wav,t̪ɔn mɛ2w loŋ vaː2ŋ o4ŋ,model1_wav2vec2_vi,-0.0478,-2.9709,
dong_98_11,audio_data/private_test/dong_98_11.wav,kwe t̪əːɜ həː2j haː4j fɔ2ŋ,model1_wav2vec2_vi,-0.0615,-3.0253,
dong_99_11,audio_data/private_test/dong_99_11.wav,y2 vyə2n kəɪ tʃɔŋ ɗəː4 ɣɔ6k,model1_wav2vec2_vi,-0.0412,-2.9877,
dong_9_2,audio_data/private_test/dong_9_2.wav,ŋyə2j e1w tiɜc təːm,model1_wav2vec2_vi,-0.1499,-3.0006,
